model,evaluation,MAE,RMSE,sMAPE,R2
"GradientBoosting (quantile P50, daily, market grain)",one-step-ahead,2087.3258456309204,2768.682327876644,32.84250379004827,0.5599314451229176
"RandomForest (daily, market grain)",one-step-ahead,2118.0234955675714,2827.205089409904,33.139864138263015,0.5411310117958613
"SARIMA (daily, per-market, rolling one-day-ahead)",one-step-ahead (rolling refit),2161.6459064901837,2723.695656730284,33.814843092479556,0.5741160863478387
"Prophet (daily, per-market, + heat exog)",blind (366-day forecast),2164.492036053893,2684.737765401369,33.78033201066027,0.5862120649395168
"SARIMA (daily, per-market, Fourier annual + weekly seasonal + heat exog)",blind (366-day forecast),2234.1984593996135,2744.9556875073486,34.54408789614575,0.5674415945400775
"HistGradientBoosting (daily, market grain)",one-step-ahead,2430.785873084116,3230.4029292557057,36.877814866339556,0.40091634519879427
baseline_mean,one-step-ahead,3249.82835480492,4359.861734998937,46.50999693171863,-0.09123808070933004
baseline_persistence (yesterday),one-step-ahead,4615.551912568306,5860.725494078348,63.780916507778414,-0.9718634647812723
baseline_seasonal_naive (same day last year),one-step-ahead,4617.475409836065,5994.006821024797,62.60340725857161,-1.0625692818110237
