state_fk,market_fk,time_fk,p10,p50,p90
TX,Dallas / Houston,2024-01-01,2775.4550834818288,5059.949266431264,9684.482621246936
TX,Dallas / Houston,2024-01-02,4396.264332264784,6863.0251618682805,10241.912882339979
TX,Dallas / Houston,2024-01-03,11190.041140159572,16644.171708270056,18195.876247468288
TX,Dallas / Houston,2024-01-04,3747.2927725316727,6077.660016239089,10346.430216737843
TX,Dallas / Houston,2024-01-05,2540.850211751332,6026.701231273745,8651.642575423226
TX,Dallas / Houston,2024-01-06,2505.1513417394317,5998.885910869242,9329.831467416132
TX,Dallas / Houston,2024-01-07,3109.3701483755044,6588.5820310650615,9300.830265512272
TX,Dallas / Houston,2024-01-08,3037.951340275129,6056.2217974089335,9682.398334999632
TX,Dallas / Houston,2024-01-09,2477.026503717209,5504.551827294198,8721.176880738061
TX,Dallas / Houston,2024-01-10,2618.240237739855,5004.903390832911,7804.353647072071
TX,Dallas / Houston,2024-01-11,5685.112543811396,8246.567043558529,11213.073959047433
TX,Dallas / Houston,2024-01-12,13345.183269295716,19082.39380424195,23536.68404229599
TX,Dallas / Houston,2024-01-13,5055.141071517098,6909.714731393903,9835.175003803988
TX,Dallas / Houston,2024-01-14,946.5673618610443,3147.1872247517626,7219.979988371393
TX,Dallas / Houston,2024-01-15,2626.3918799007333,5288.909304163111,8104.180295921504
TX,Dallas / Houston,2024-01-16,2482.952074200432,5245.7819598653705,7731.806843781038
TX,Dallas / Houston,2024-01-17,3027.1498281662966,5363.393171985282,8630.971702888568
TX,Dallas / Houston,2024-01-18,3458.530343194295,6274.61037134904,10892.411342218751
TX,Dallas / Houston,2024-01-19,4144.717108818793,5880.6582131642235,10233.864273676776
TX,Dallas / Houston,2024-01-20,2695.1625317716107,4664.087373373784,7390.654611687285
TX,Dallas / Houston,2024-01-21,876.9717895051178,2632.639896287045,6889.541038339972
TX,Dallas / Houston,2024-01-22,2733.3982195551453,5653.809313211213,8298.169821911726
TX,Dallas / Houston,2024-01-23,1150.9341886269433,3562.915824231861,7383.9219085664035
TX,Dallas / Houston,2024-01-24,8735.180430450824,13625.951822993191,14490.903588945423
TX,Dallas / Houston,2024-01-25,6467.7899402798585,8253.011233197938,11107.564448649011
TX,Dallas / Houston,2024-01-26,2270.507612998977,4477.434596789026,8031.45352058532
TX,Dallas / Houston,2024-01-27,3407.7718596975183,6051.583726572079,9461.180577666537
TX,Dallas / Houston,2024-01-28,3094.2320006447712,5319.610635304124,8269.131511698492
TX,Dallas / Houston,2024-01-29,2882.004105796101,4703.605767770041,7427.74237711477
TX,Dallas / Houston,2024-01-30,1618.0551664527575,3497.946277076321,8158.878528791212
TX,Dallas / Houston,2024-01-31,4524.772698316941,6105.374176200564,9867.19303790283
TX,Dallas / Houston,2024-02-01,2005.0537391845403,3894.3144294832864,7590.395400224762
TX,Dallas / Houston,2024-02-02,3222.78527690094,5540.65356990415,9752.043956132207
TX,Dallas / Houston,2024-02-03,5259.823520827571,7430.239425351917,10059.587417454963
TX,Dallas / Houston,2024-02-04,2604.783520130886,4651.351075169592,8165.840077939457
TX,Dallas / Houston,2024-02-05,2226.5974807386206,4158.4974473386865,7997.990162666526
TX,Dallas / Houston,2024-02-06,3089.2200965937236,4862.027477037081,9011.750819431532
TX,Dallas / Houston,2024-02-07,1001.5813212043375,3013.5612289693604,7514.867513962313
TX,Dallas / Houston,2024-02-08,6306.978961194183,10525.868328620565,14652.541908677751
TX,Dallas / Houston,2024-02-09,5820.465406219668,8805.962932773216,10310.299774467176
TX,Dallas / Houston,2024-02-10,4534.878423133876,7339.811925950297,9418.096315008434
TX,Dallas / Houston,2024-02-11,3918.130885301216,5767.281879665369,10351.02506649683
TX,Dallas / Houston,2024-02-12,2469.7735954446766,4550.732844509663,8190.843532930502
TX,Dallas / Houston,2024-02-13,4628.159185405455,6633.394201588637,10779.116355295637
TX,Dallas / Houston,2024-02-14,1618.8689761351184,3188.511023110585,7682.808509648027
TX,Dallas / Houston,2024-02-15,6764.747626174088,8835.05144647745,13000.240146627846
TX,Dallas / Houston,2024-02-16,3061.013521211528,5576.2097400253615,9257.199996375879
TX,Dallas / Houston,2024-02-17,13635.699248570956,17293.394118246022,19712.650907783638
TX,Dallas / Houston,2024-02-18,4650.130907239593,5943.381580994736,10369.152067806559
TX,Dallas / Houston,2024-02-19,4629.398566923736,7323.965652479779,10891.833171964128
TX,Dallas / Houston,2024-02-20,1639.9735887277554,3613.2642841294,8081.953347382068
TX,Dallas / Houston,2024-02-21,4975.0609564375845,8349.205109448452,10513.396570144178
TX,Dallas / Houston,2024-02-22,2992.3113931911116,6062.366781136829,9728.584681525812
TX,Dallas / Houston,2024-02-23,1170.0174924405774,3057.1213328070226,7621.606064449374
TX,Dallas / Houston,2024-02-24,2582.683252962967,5279.377359030603,9382.999219929765
TX,Dallas / Houston,2024-02-25,2881.344774757137,5407.031669473784,8508.686773036297
TX,Dallas / Houston,2024-02-26,5215.359481530477,7190.481167780102,10647.689716687057
TX,Dallas / Houston,2024-02-27,1479.9227357329305,3636.0627495957197,7617.826385291114
TX,Dallas / Houston,2024-02-28,10324.717827494418,11695.234445367303,15415.858598997156
TX,Dallas / Houston,2024-02-29,1257.367352309063,4178.56200489809,8061.195325566078
TX,Dallas / Houston,2024-03-01,4519.876245837615,7102.906907727862,11224.345555979917
TX,Dallas / Houston,2024-03-02,4173.290998270055,6655.660027079674,10795.646315469117
TX,Dallas / Houston,2024-03-03,4525.574336141322,6441.867704268426,10834.085049366136
TX,Dallas / Houston,2024-03-04,3135.12088829545,6009.874155305251,10550.373974644212
TX,Dallas / Houston,2024-03-05,2968.188080065226,5285.824130643543,8642.142332834406
TX,Dallas / Houston,2024-03-06,4753.221025863458,8365.387674951226,11296.973880909869
TX,Dallas / Houston,2024-03-07,1146.7839815011653,3226.6926877294395,8433.961409439862
TX,Dallas / Houston,2024-03-08,4501.983332707488,6920.495908058806,10505.744367496645
TX,Dallas / Houston,2024-03-09,3149.0096039711448,6333.132174049466,10724.533394493323
TX,Dallas / Houston,2024-03-10,3177.7654391123347,6393.24030008898,11115.04312288117
TX,Dallas / Houston,2024-03-11,5532.617119470777,8192.227951245553,12202.903017078977
TX,Dallas / Houston,2024-03-12,1288.1959988429596,2865.962279529965,7585.396023065603
TX,Dallas / Houston,2024-03-13,1241.5404905636278,3355.488518468202,8583.323424487437
TX,Dallas / Houston,2024-03-14,3980.279686433682,6472.540188292933,11180.820704245956
TX,Dallas / Houston,2024-03-15,5415.660159327304,8168.071815187746,11507.425558128838
TX,Dallas / Houston,2024-03-16,5727.425616053477,8263.295712915826,11368.167220010395
TX,Dallas / Houston,2024-03-17,7035.723859716925,10219.341732824432,14560.969801366773
TX,Dallas / Houston,2024-03-18,4865.411029918495,6781.586326992245,10767.4895818339
TX,Dallas / Houston,2024-03-19,5155.907851593809,8974.519274482635,11319.196157494302
TX,Dallas / Houston,2024-03-20,5969.286672292437,8577.334224636537,12049.627306588118
TX,Dallas / Houston,2024-03-21,1284.931788016453,3574.95989333883,8674.235271052663
TX,Dallas / Houston,2024-03-22,4283.3422381214505,7381.842771323549,11058.678840948687
TX,Dallas / Houston,2024-03-23,2767.1090823678583,5233.613700389792,8912.90701343104
TX,Dallas / Houston,2024-03-24,4226.364301828425,6294.121618069326,11577.21919055717
TX,Dallas / Houston,2024-03-25,1402.8365008122362,3334.0734418480947,8595.011429325607
TX,Dallas / Houston,2024-03-26,6712.902385113634,8613.814224421392,14895.486733414231
TX,Dallas / Houston,2024-03-27,5785.755840050576,8749.272394445981,14251.289667297344
TX,Dallas / Houston,2024-03-28,2598.780340820136,4872.576836207115,8511.584846105896
TX,Dallas / Houston,2024-03-29,13463.896867681688,15649.899266155291,19295.066592900643
TX,Dallas / Houston,2024-03-30,1619.0557624144885,4044.526279022929,8502.476870398348
TX,Dallas / Houston,2024-03-31,5089.624096528921,7258.109693286794,12085.659311678879
TX,Dallas / Houston,2024-04-01,1050.0186877847157,3319.6408258497263,8776.00553259166
TX,Dallas / Houston,2024-04-02,7335.655368193533,11647.649609547118,15716.515186687375
TX,Dallas / Houston,2024-04-03,2049.9794915629077,4153.499960530842,7839.84244667038
TX,Dallas / Houston,2024-04-04,4023.383492902839,6837.195726015102,10983.794078313915
TX,Dallas / Houston,2024-04-05,4141.226316228704,6070.150351899622,11515.544729465862
TX,Dallas / Houston,2024-04-06,2605.577439677187,5448.966477014355,11465.187958267787
TX,Dallas / Houston,2024-04-07,3244.0661864871045,5749.603622404517,10420.75494725843
TX,Dallas / Houston,2024-04-08,4165.1591370314445,6315.7203821221565,11857.339390404055
TX,Dallas / Houston,2024-04-09,3011.888678199431,5635.70116318501,8921.263155065826
TX,Dallas / Houston,2024-04-10,4466.322215257225,6407.946899730178,11535.316620271868
TX,Dallas / Houston,2024-04-11,11080.557755815888,12197.74374349893,15362.4279930783
TX,Dallas / Houston,2024-04-12,1710.7242787034666,4391.948145071392,8900.205324649856
TX,Dallas / Houston,2024-04-13,10887.327102232644,12203.01982657892,15744.65287710769
TX,Dallas / Houston,2024-04-14,2768.047866681459,5259.925164093546,8778.603374255666
TX,Dallas / Houston,2024-04-15,6630.1201182146,10106.419200208975,14698.228324241887
TX,Dallas / Houston,2024-04-16,4300.355227950294,6688.830059116534,11386.29364202442
TX,Dallas / Houston,2024-04-17,2664.2078790820924,5431.954342700429,8717.792673633394
TX,Dallas / Houston,2024-04-18,2808.6911266647417,5163.409467208202,8617.83347494907
TX,Dallas / Houston,2024-04-19,4655.54964576714,6689.486850364409,11655.266248968896
TX,Dallas / Houston,2024-04-20,13609.855397389152,14874.928201045193,16933.94509873115
TX,Dallas / Houston,2024-04-21,9092.1581619871,12040.029369159178,14637.675322618534
TX,Dallas / Houston,2024-04-22,3382.7870071282246,5870.931068706141,9982.832084341555
TX,Dallas / Houston,2024-04-23,9177.140115129389,11775.309781933316,14733.479639767002
TX,Dallas / Houston,2024-04-24,3917.891047514947,7162.057861714372,11478.175512920245
TX,Dallas / Houston,2024-04-25,4163.576846380565,7348.360855240606,11879.404102071585
TX,Dallas / Houston,2024-04-26,3854.299337377105,6743.838073979105,10979.80978525019
TX,Dallas / Houston,2024-04-27,4098.5613469940035,7091.78115653731,11765.001833136652
TX,Dallas / Houston,2024-04-28,1703.0300418550478,4446.779047924606,8453.415357874592
TX,Dallas / Houston,2024-04-29,4437.029790555265,9697.449154217771,11550.68355922409
TX,Dallas / Houston,2024-04-30,2958.4997684778905,5892.848358869811,9268.454098561539
TX,Dallas / Houston,2024-05-01,1989.2765976278079,3138.995143335644,8500.344298828732
TX,Dallas / Houston,2024-05-02,6886.627771201998,8424.546699859562,13726.222733793138
TX,Dallas / Houston,2024-05-03,4354.264324875803,6701.084201304593,10537.766627886955
TX,Dallas / Houston,2024-05-04,1205.9755452848865,3600.984787945811,8158.720045407481
TX,Dallas / Houston,2024-05-05,1137.802422260101,3834.1442925298115,8243.021868326718
TX,Dallas / Houston,2024-05-06,2265.3727496324377,5062.654835361993,8218.566143486481
TX,Dallas / Houston,2024-05-07,4740.378382900245,6428.588970677575,10742.67562332191
TX,Dallas / Houston,2024-05-08,7540.885642884009,11093.30346163526,15843.432700425801
TX,Dallas / Houston,2024-05-09,13105.35429393733,17753.87229801877,19351.18791583809
TX,Dallas / Houston,2024-05-10,5283.496446313285,7042.947152223809,10905.732541689735
TX,Dallas / Houston,2024-05-11,7693.031803062985,10574.082602744515,14636.620759912026
TX,Dallas / Houston,2024-05-12,2472.331236645286,5341.394931489541,8777.808761391705
TX,Dallas / Houston,2024-05-13,4247.378154148536,7346.903381432307,11414.323347607766
TX,Dallas / Houston,2024-05-14,3005.1324015376713,5651.843514786645,9216.957347784339
TX,Dallas / Houston,2024-05-15,3001.739077159245,5984.975156570558,10170.00461932401
TX,Dallas / Houston,2024-05-16,6945.302736336511,9257.371188850337,13786.953066410562
TX,Dallas / Houston,2024-05-17,4528.6197255877705,6881.699693323397,10853.30793241318
TX,Dallas / Houston,2024-05-18,5307.152636440944,8106.236173908745,10876.612352816066
TX,Dallas / Houston,2024-05-19,10325.53262805629,12546.398783235338,14548.171974481635
TX,Dallas / Houston,2024-05-20,2654.354216703471,5346.321399262923,8568.653266189627
TX,Dallas / Houston,2024-05-21,10568.591465552356,13317.679402697288,15247.320966190535
TX,Dallas / Houston,2024-05-22,1488.0778844801016,4964.202792763226,8664.503695851927
TX,Dallas / Houston,2024-05-23,7071.565385875291,10478.827273615068,14795.863926010887
TX,Dallas / Houston,2024-05-24,5040.527024980428,7800.351132223749,11660.109563702023
TX,Dallas / Houston,2024-05-25,1808.4834649263612,4650.315297762034,8894.606824740604
TX,Dallas / Houston,2024-05-26,2101.631567766002,4338.228377102191,9166.373227658352
TX,Dallas / Houston,2024-05-27,5339.010187880679,8876.493448276953,11841.879250719741
TX,Dallas / Houston,2024-05-28,1384.7631358003393,3549.57258048637,8555.457523770336
TX,Dallas / Houston,2024-05-29,6273.621402764798,8348.630252934681,14785.845446673733
TX,Dallas / Houston,2024-05-30,10606.144344164495,13180.629649532611,16550.97584462084
TX,Dallas / Houston,2024-05-31,10161.181466770673,11360.297283970085,15884.99176429072
TX,Dallas / Houston,2024-06-01,7055.592282409629,10011.003333970328,14548.510212365782
TX,Dallas / Houston,2024-06-02,5425.773578797224,7822.338911230339,11193.577480228918
TX,Dallas / Houston,2024-06-03,5443.1691681830325,8159.546954078185,11021.6340526434
TX,Dallas / Houston,2024-06-04,5816.680382165929,8219.21937631589,11407.12031130585
TX,Dallas / Houston,2024-06-05,4000.485377110798,7389.240906930308,11745.368463547462
TX,Dallas / Houston,2024-06-06,3390.98245789584,5575.979147554918,10721.52890802595
TX,Dallas / Houston,2024-06-07,7134.429567117941,10867.721433198429,14466.111521877481
TX,Dallas / Houston,2024-06-08,6152.632805241713,8078.331475126882,13919.135013181003
TX,Dallas / Houston,2024-06-09,6521.372956978338,8161.719215469991,14199.792956372648
TX,Dallas / Houston,2024-06-10,891.8297018636551,3718.2824644547586,8603.217312713
TX,Dallas / Houston,2024-06-11,5306.738951548873,8480.82333748936,11918.319239130677
TX,Dallas / Houston,2024-06-12,3025.925235752881,6446.410398570447,9912.370988910869
TX,Dallas / Houston,2024-06-13,2541.025728450627,5399.274231883964,9463.926734654098
TX,Dallas / Houston,2024-06-14,4356.685051746494,6544.972580910011,11330.622173553373
TX,Dallas / Houston,2024-06-15,7679.635171894466,11101.288693712251,15280.080783161036
TX,Dallas / Houston,2024-06-16,1990.5553365867554,4433.716190269015,7335.790093990628
TX,Dallas / Houston,2024-06-17,2471.8766051470725,4918.07285493305,8344.050331240382
TX,Dallas / Houston,2024-06-18,2948.730685421848,5578.044449052358,8232.774976316203
TX,Dallas / Houston,2024-06-19,4915.648930204482,7473.3857054827395,11311.357919799788
TX,Dallas / Houston,2024-06-20,2705.0976941903346,5254.921476014139,8519.701515144896
TX,Dallas / Houston,2024-06-21,4526.3742495287515,7761.922169762959,10963.92197988021
TX,Dallas / Houston,2024-06-22,2255.37276472757,5181.288770577838,8216.941471151235
TX,Dallas / Houston,2024-06-23,4247.109868382716,8294.745543892948,10779.06820158348
TX,Dallas / Houston,2024-06-24,4587.593690932239,6930.191057562554,9772.16541986149
TX,Dallas / Houston,2024-06-25,3076.6351827401813,5259.930453763177,9525.824439240274
TX,Dallas / Houston,2024-06-26,3054.904365494537,6534.131025639445,10385.318784805353
TX,Dallas / Houston,2024-06-27,3092.4927094607538,6696.880235536442,10147.926790172574
TX,Dallas / Houston,2024-06-28,1851.2062653545395,4639.42524671273,8141.962803993952
TX,Dallas / Houston,2024-06-29,1178.2610960192656,3380.8542322481608,8384.338721211041
TX,Dallas / Houston,2024-06-30,1804.5223390042697,4089.579995836835,8680.787517423983
TX,Dallas / Houston,2024-07-01,4704.095636153937,6966.77464049018,10810.043853775405
TX,Dallas / Houston,2024-07-02,8272.611823328285,11363.944919098261,14787.819629057098
TX,Dallas / Houston,2024-07-03,7384.114341672751,10339.957484527615,13362.948953777663
TX,Dallas / Houston,2024-07-04,5797.2677941408865,8328.304657784196,11283.822487110208
TX,Dallas / Houston,2024-07-05,978.6776852530304,3469.5923844314507,7675.563973857808
TX,Dallas / Houston,2024-07-06,1432.413399348952,3071.3849345492335,8292.635092452589
TX,Dallas / Houston,2024-07-07,5158.164757912167,7452.939238948935,11982.58563161685
TX,Dallas / Houston,2024-07-08,3186.7611883210125,5390.663375811007,10124.234503736156
TX,Dallas / Houston,2024-07-09,1217.5357945909193,3329.7150168088283,8934.483202036436
TX,Dallas / Houston,2024-07-10,2696.5760399638684,5285.78074873389,8748.062706081464
TX,Dallas / Houston,2024-07-11,10958.95352759419,12342.867224614372,16282.290623291268
TX,Dallas / Houston,2024-07-12,1694.4461593796655,3322.9238599280707,9047.444458463897
TX,Dallas / Houston,2024-07-13,5672.145117663691,7675.982404492789,11107.38664156743
TX,Dallas / Houston,2024-07-14,3019.9647686455137,6563.128972786045,10520.694228171813
TX,Dallas / Houston,2024-07-15,5706.497570541642,8164.702360004546,11646.987962036746
TX,Dallas / Houston,2024-07-16,5692.687263145572,8523.969689027897,12096.123607558138
TX,Dallas / Houston,2024-07-17,10413.658034060716,12440.427170432356,15046.161936136192
TX,Dallas / Houston,2024-07-18,3862.953539807499,6633.1505157625315,11543.828673988124
TX,Dallas / Houston,2024-07-19,4402.019605671201,6834.166558229623,11468.107833623251
TX,Dallas / Houston,2024-07-20,6766.561013400814,8549.66861390351,13810.172611036494
TX,Dallas / Houston,2024-07-21,4071.2981541636123,6804.0468440147915,11131.29875759605
TX,Dallas / Houston,2024-07-22,2158.7915409771263,3958.771859820038,8916.449464355435
TX,Dallas / Houston,2024-07-23,3106.7540386638534,6304.266696976345,10379.71022479017
TX,Dallas / Houston,2024-07-24,5831.711515973462,9056.434945246909,12118.543330125704
TX,Dallas / Houston,2024-07-25,5004.234628245068,7695.158056198392,11985.511230159744
TX,Dallas / Houston,2024-07-26,6281.941189495595,8909.354770591091,15180.043722642387
TX,Dallas / Houston,2024-07-27,10475.384149565443,12966.328424060519,15873.740343117575
TX,Dallas / Houston,2024-07-28,5611.9514719039935,8896.768659161617,11474.711825965742
TX,Dallas / Houston,2024-07-29,10599.882192512709,12596.64102674023,15423.938067465786
TX,Dallas / Houston,2024-07-30,9932.328628777013,13053.232191177984,15441.810128733066
TX,Dallas / Houston,2024-07-31,3353.0666682444466,6503.542573706191,10006.830545450444
TX,Dallas / Houston,2024-08-01,2957.24883137301,6269.958581920491,9628.517198753014
TX,Dallas / Houston,2024-08-02,8796.702804076598,13034.301872231172,14478.05022839915
TX,Dallas / Houston,2024-08-03,12945.879737949615,26525.698317737413,30760.270445319078
TX,Dallas / Houston,2024-08-04,4527.598961966876,7180.852744954393,11452.982283702184
TX,Dallas / Houston,2024-08-05,1939.6123436570347,3976.380280881835,8473.88472138957
TX,Dallas / Houston,2024-08-06,2738.286587673734,4760.04178212038,9909.233839163448
TX,Dallas / Houston,2024-08-07,6806.563863887326,9360.846449891733,13830.473408618533
TX,Dallas / Houston,2024-08-08,4060.2822523144273,7351.867958646532,10378.703258054275
TX,Dallas / Houston,2024-08-09,1166.6593344032128,3573.517031754073,8839.91188240263
TX,Dallas / Houston,2024-08-10,3906.642334104949,6927.362884740607,11277.22934571889
TX,Dallas / Houston,2024-08-11,6071.86371544292,8592.762720980247,11310.625159778188
TX,Dallas / Houston,2024-08-12,2274.8557368349666,4615.0678374123145,8199.772664169624
TX,Dallas / Houston,2024-08-13,5451.82621757033,8106.124163120432,10930.508026421938
TX,Dallas / Houston,2024-08-14,2457.69639217758,5286.297315157237,7942.444014280258
TX,Dallas / Houston,2024-08-15,4756.536289419499,7500.399612234211,11057.853838179362
TX,Dallas / Houston,2024-08-16,6720.835109910075,8611.31780079679,13021.874341814764
TX,Dallas / Houston,2024-08-17,4425.992760783867,6971.6937221834305,10283.891309838571
TX,Dallas / Houston,2024-08-18,3029.1933667145595,5528.262414843739,8167.564622108367
TX,Dallas / Houston,2024-08-19,4503.887198078508,7110.931242395126,10633.83921419624
TX,Dallas / Houston,2024-08-20,6746.937522734567,8589.055909469342,13808.913224109912
TX,Dallas / Houston,2024-08-21,10410.95893707248,12486.888857795027,14796.182029885895
TX,Dallas / Houston,2024-08-22,6519.956455058476,8587.47287270106,10773.406641902677
TX,Dallas / Houston,2024-08-23,4819.5755768079325,7406.675444180351,10641.284631764967
TX,Dallas / Houston,2024-08-24,10502.626984397222,11558.208444300366,14151.291205089314
TX,Dallas / Houston,2024-08-25,1785.9535124794656,4539.563188763383,7901.133740430955
TX,Dallas / Houston,2024-08-26,990.4793776972111,3912.4001376858178,7696.064266053308
TX,Dallas / Houston,2024-08-27,1250.6838134185289,3817.366336632996,7316.658489702462
TX,Dallas / Houston,2024-08-28,1101.9514555062544,3586.479174723037,8375.6942911732
TX,Dallas / Houston,2024-08-29,2889.3479636265793,5077.284514018144,8056.103110145337
TX,Dallas / Houston,2024-08-30,2355.1889636889455,3345.5138781404607,8259.324714487993
TX,Dallas / Houston,2024-08-31,858.0477535256767,3352.2463297648796,8603.782522703405
TX,Dallas / Houston,2024-09-01,1338.279574650868,3336.5518807835283,8782.958837885068
TX,Dallas / Houston,2024-09-02,4310.017570635934,6759.954878132231,10712.115538287
TX,Dallas / Houston,2024-09-03,3095.102987146521,5850.98305357861,10903.649622704923
TX,Dallas / Houston,2024-09-04,3087.474616076002,5627.891028894843,9755.999154149491
TX,Dallas / Houston,2024-09-05,1695.9247639952075,3211.6522106135003,8604.783830166823
TX,Dallas / Houston,2024-09-06,4645.961866102026,7135.293127880351,11599.57231373659
TX,Dallas / Houston,2024-09-07,7639.252914615973,11023.150625704999,16147.475563293136
TX,Dallas / Houston,2024-09-08,4462.360367164784,7044.616712510814,11429.171888003217
TX,Dallas / Houston,2024-09-09,3192.4319105125965,6583.672868255904,11229.491569703048
TX,Dallas / Houston,2024-09-10,1554.529367175456,4005.6965206411533,8589.394953635905
TX,Dallas / Houston,2024-09-11,1136.7086234277838,3725.0340167783693,8924.54745420896
TX,Dallas / Houston,2024-09-12,1206.5352581439026,3337.772574162068,8911.867204113898
TX,Dallas / Houston,2024-09-13,1767.12248690574,4060.4314952145933,9337.808119447685
TX,Dallas / Houston,2024-09-14,10497.803283791362,11781.304737834176,16378.014000634366
TX,Dallas / Houston,2024-09-15,2393.4991907944436,4333.223702681812,9755.234548896591
TX,Dallas / Houston,2024-09-16,2091.765178712375,4224.076518990185,8331.071987083287
TX,Dallas / Houston,2024-09-17,2090.590161650354,3625.9661354301993,8408.710599434371
TX,Dallas / Houston,2024-09-18,6512.694250186328,8766.12513699131,13128.649055776566
TX,Dallas / Houston,2024-09-19,3173.2372248118745,5489.715486087672,9379.70903449143
TX,Dallas / Houston,2024-09-20,5886.071780128349,8773.502248535497,11711.959275761039
TX,Dallas / Houston,2024-09-21,7816.675767851012,11457.462275197144,14189.49638137992
TX,Dallas / Houston,2024-09-22,3098.6645767961636,5810.978921119041,10080.356215499505
TX,Dallas / Houston,2024-09-23,6373.800390904559,9311.505197543978,14037.770486576073
TX,Dallas / Houston,2024-09-24,3100.268597623623,5494.7754450154125,9420.991222973793
TX,Dallas / Houston,2024-09-25,2973.092389931036,4846.08249004,8584.666848960931
TX,Dallas / Houston,2024-09-26,4464.999554932582,6983.968629062101,11720.321698947197
TX,Dallas / Houston,2024-09-27,2087.705223969812,4728.996575126002,8788.594856449354
TX,Dallas / Houston,2024-09-28,4968.190604695096,7162.049465892473,12124.02641648206
TX,Dallas / Houston,2024-09-29,5610.826438067444,6640.613474148034,11464.690519373202
TX,Dallas / Houston,2024-09-30,4883.572837903934,7471.801259537137,12291.592232496443
TX,Dallas / Houston,2024-10-01,14440.814535565903,17094.941737416917,18721.432144357113
TX,Dallas / Houston,2024-10-02,4364.9542946398005,6841.45122200884,11394.296428840575
TX,Dallas / Houston,2024-10-03,4297.122098361497,6558.161051002655,11079.308090501305
TX,Dallas / Houston,2024-10-04,10851.009247452706,13158.138318822725,14405.57314133506
TX,Dallas / Houston,2024-10-05,3055.015533240555,5117.149009850999,8486.832520590226
TX,Dallas / Houston,2024-10-06,5976.017991363444,8797.917411165796,11091.729595669172
TX,Dallas / Houston,2024-10-07,5734.50315609254,7706.719986935667,14437.720678575937
TX,Dallas / Houston,2024-10-08,2679.7125474044406,4930.911150627213,9130.415538603713
TX,Dallas / Houston,2024-10-09,5615.572679102415,8308.371389677288,11795.775955041054
TX,Dallas / Houston,2024-10-10,4452.820218381582,7126.097879604962,11350.026669954723
TX,Dallas / Houston,2024-10-11,9431.798656971117,11819.285229392259,15319.419231924927
TX,Dallas / Houston,2024-10-12,1681.4091518569167,4466.460315737323,9013.898711945138
TX,Dallas / Houston,2024-10-13,4863.503484404466,7927.233784705794,11936.495778067745
TX,Dallas / Houston,2024-10-14,4126.627004395592,6603.174731846119,10936.29953861967
TX,Dallas / Houston,2024-10-15,7046.512499700253,10094.468839252733,13829.210353580009
TX,Dallas / Houston,2024-10-16,1811.2663772086369,4408.6808571816455,8638.313498240377
TX,Dallas / Houston,2024-10-17,2923.1926897740304,5787.488033607985,10332.585532435403
TX,Dallas / Houston,2024-10-18,4742.753016092936,7048.375346973858,10320.383423623856
TX,Dallas / Houston,2024-10-19,2792.750074474984,5854.449279093593,10882.237073508217
TX,Dallas / Houston,2024-10-20,4808.789626446743,7001.276847288772,11772.82781208106
TX,Dallas / Houston,2024-10-21,1986.2098860569731,4659.078141163975,8444.504374389047
TX,Dallas / Houston,2024-10-22,2493.240419695881,4744.695143102575,8139.525927608391
TX,Dallas / Houston,2024-10-23,4511.659731391518,6386.606682429426,11634.721045391694
TX,Dallas / Houston,2024-10-24,4254.028219155558,6871.440139636571,11372.747473833937
TX,Dallas / Houston,2024-10-25,10080.377508308975,12078.27381125328,15668.215304325307
TX,Dallas / Houston,2024-10-26,10624.378868108563,12721.125445390664,15186.469149029655
TX,Dallas / Houston,2024-10-27,1631.6707079912662,4193.32810216981,8685.86746231365
TX,Dallas / Houston,2024-10-28,11159.604334507625,13042.336943659162,16165.01234181256
TX,Dallas / Houston,2024-10-29,1199.536952430225,3929.9369464955566,7769.141029228613
TX,Dallas / Houston,2024-10-30,4446.83675023863,6888.502017224143,12033.482527975882
TX,Dallas / Houston,2024-10-31,2974.3438032328827,4709.881720661695,8829.634977163527
TX,Dallas / Houston,2024-11-01,5110.804215913779,7649.865929649354,11125.721086643687
TX,Dallas / Houston,2024-11-02,6071.098532915031,8003.838651067978,10897.543954095683
TX,Dallas / Houston,2024-11-03,3504.638744797932,5638.331598910587,10050.40438261872
TX,Dallas / Houston,2024-11-04,1513.7628636176591,3857.6702946641153,9715.736131538122
TX,Dallas / Houston,2024-11-05,9194.52483690643,13900.601161289842,16412.869157135276
TX,Dallas / Houston,2024-11-06,6125.452520235411,7451.181864765527,12369.757249761838
TX,Dallas / Houston,2024-11-07,4894.507266602555,7531.508813211404,12083.017517459784
TX,Dallas / Houston,2024-11-08,1648.4659492039727,4295.520679973514,9362.643189881768
TX,Dallas / Houston,2024-11-09,10046.90871204086,13155.449608220393,16145.260548477125
TX,Dallas / Houston,2024-11-10,4729.728044887673,6360.118246600222,11253.287642386853
TX,Dallas / Houston,2024-11-11,1917.8274311704824,5070.104004169484,8699.672161976288
TX,Dallas / Houston,2024-11-12,5649.086797818685,8845.212282932676,11997.838459303619
TX,Dallas / Houston,2024-11-13,2393.6283047033567,4640.755476081618,8757.367786899089
TX,Dallas / Houston,2024-11-14,5993.735982490097,7999.195328233339,12592.520460680693
TX,Dallas / Houston,2024-11-15,3613.4101911113885,6686.850100785032,11493.242755291754
TX,Dallas / Houston,2024-11-16,2426.707159495909,5203.043355934636,9094.716516686569
TX,Dallas / Houston,2024-11-17,3158.26801969507,5824.957688853021,11297.263330830525
TX,Dallas / Houston,2024-11-18,3048.1002017482783,5460.036195082289,10546.19875464072
TX,Dallas / Houston,2024-11-19,1140.9699505283368,3337.118963893598,8946.138689101203
TX,Dallas / Houston,2024-11-20,3173.3859699968934,5810.569315731066,11103.729837568206
TX,Dallas / Houston,2024-11-21,4786.943649879395,7713.204445580668,12408.566801458466
TX,Dallas / Houston,2024-11-22,3239.8712278801004,5719.163724469446,10372.652003530435
TX,Dallas / Houston,2024-11-23,7574.565348801945,9489.78386794087,14536.344073063225
TX,Dallas / Houston,2024-11-24,4762.832798626627,7792.909752463341,12284.927182165502
TX,Dallas / Houston,2024-11-25,2392.6953031246403,5188.444442669197,9221.54644736634
TX,Dallas / Houston,2024-11-26,3057.729252816399,5960.111598094344,10392.183588555139
TX,Dallas / Houston,2024-11-27,1891.450981974169,4107.480995846706,9179.90326992077
TX,Dallas / Houston,2024-11-28,4154.556335425335,6604.623587339751,12131.488643527353
TX,Dallas / Houston,2024-11-29,4020.068872987179,6502.4583759900615,11927.496423358483
TX,Dallas / Houston,2024-11-30,2554.357859962808,4100.623364556625,9240.382335683695
TX,Dallas / Houston,2024-12-01,1242.4339962598897,3614.201045248824,9223.456676854892
TX,Dallas / Houston,2024-12-02,1833.0839511647373,3346.266789113672,9367.420232299248
TX,Dallas / Houston,2024-12-03,4774.995924163746,6457.810881172187,11415.837420501073
TX,Dallas / Houston,2024-12-04,2879.900992716519,4655.836898831659,10000.836317202657
TX,Dallas / Houston,2024-12-05,6244.147731135367,8315.102086128163,11900.32427631655
TX,Dallas / Houston,2024-12-06,2682.181882101293,4475.908804523096,9043.719234646207
TX,Dallas / Houston,2024-12-07,10411.862726453599,14003.541660742627,14943.882326224555
TX,Dallas / Houston,2024-12-08,5200.281722515452,7316.496960906507,12552.715569566963
TX,Dallas / Houston,2024-12-09,4488.8652677736545,6258.506881959877,11882.46737591512
TX,Dallas / Houston,2024-12-10,1729.3028856061428,3496.418574437403,9601.599823352526
TX,Dallas / Houston,2024-12-11,2576.8706861754886,4642.457641851609,9345.672619705103
TX,Dallas / Houston,2024-12-12,11019.242878287576,12674.855850220963,14909.254502695641
TX,Dallas / Houston,2024-12-13,3171.9112377723277,6079.130077789823,11526.04716164111
TX,Dallas / Houston,2024-12-14,7646.7808666526125,10657.870150453491,14644.385536571277
TX,Dallas / Houston,2024-12-15,2675.9227431641466,4992.307013344855,9699.598712722633
TX,Dallas / Houston,2024-12-16,1534.2024584360847,3898.837292773495,9688.852862851103
TX,Dallas / Houston,2024-12-17,6319.221429608302,8759.659588064493,14466.743500208726
TX,Dallas / Houston,2024-12-18,1162.3115401973105,4333.357828092714,9810.503702741906
TX,Dallas / Houston,2024-12-19,6171.075386389584,8330.152873300274,13507.499964643423
TX,Dallas / Houston,2024-12-20,1453.6704984667595,3905.6067155594915,10392.111273443174
TX,Dallas / Houston,2024-12-21,3271.9070708710547,6013.391760586804,12202.658637590015
TX,Dallas / Houston,2024-12-22,1638.4125235232295,4088.768483141196,10344.94206269714
TX,Dallas / Houston,2024-12-23,3281.2716902940288,5174.0229827585035,10953.471246628551
TX,Dallas / Houston,2024-12-24,3285.0531225916916,5560.0559593754615,10717.139194363086
TX,Dallas / Houston,2024-12-25,923.7084545023365,3121.659598210108,9179.78430137054
TX,Dallas / Houston,2024-12-26,10734.225568813543,13089.56211327598,17136.789993080507
TX,Dallas / Houston,2024-12-27,1608.915523661013,3749.6905548887553,9952.068980029979
TX,Dallas / Houston,2024-12-28,6070.128132185268,8236.705998543322,12968.215954724163
TX,Dallas / Houston,2024-12-29,1510.4585298786512,4173.469021176238,10469.133982368332
TX,Dallas / Houston,2024-12-30,3374.3120491215154,6427.462527508841,12310.233873864954
TX,Dallas / Houston,2024-12-31,6200.973964997562,7704.304202535114,13096.565218791455
