state_fk,market_fk,year,month,visitors_total,is_hot_season,visitors_lag_1,visitors_lag_12,visitors_rolling_3,visitors_rolling_12,stores_reporting_lag_1
CA,Los Angeles / SF Bay Area,2021,1,122896.0,False,122028.0,268895.0,155245.66666666666,174462.25,347.0
CA,Los Angeles / SF Bay Area,2021,2,128527.0,False,122896.0,284828.0,135157.66666666666,162295.66666666666,352.0
CA,Los Angeles / SF Bay Area,2021,3,174400.0,False,128527.0,150584.0,124483.66666666667,149270.58333333334,320.0
CA,Los Angeles / SF Bay Area,2021,4,166920.0,False,174400.0,51175.0,141941.0,151255.25,370.0
CA,Los Angeles / SF Bay Area,2021,5,150247.0,False,166920.0,140087.0,156615.66666666666,160900.66666666666,331.0
CA,Los Angeles / SF Bay Area,2021,6,303068.0,True,150247.0,229563.0,163855.66666666666,161747.33333333334,318.0
CA,Los Angeles / SF Bay Area,2021,7,261612.0,True,303068.0,178353.0,206745.0,167872.75,346.0
CA,Los Angeles / SF Bay Area,2021,8,239017.0,True,261612.0,157814.0,238309.0,174811.0,348.0
CA,Los Angeles / SF Bay Area,2021,9,235963.0,False,239017.0,166511.0,267899.0,181577.91666666666,347.0
CA,Los Angeles / SF Bay Area,2021,10,276378.0,False,235963.0,183160.0,245530.66666666666,187365.58333333334,332.0
CA,Los Angeles / SF Bay Area,2021,11,221417.0,False,276378.0,160549.0,250452.66666666666,195133.75,352.0
CA,Los Angeles / SF Bay Area,2021,12,288190.0,False,221417.0,122028.0,244586.0,200206.08333333334,317.0
CA,Los Angeles / SF Bay Area,2022,1,235525.0,False,288190.0,122896.0,261995.0,214052.91666666666,366.0
CA,Los Angeles / SF Bay Area,2022,2,190847.0,False,235525.0,128527.0,248377.33333333334,223438.66666666666,353.0
CA,Los Angeles / SF Bay Area,2022,3,218074.0,False,190847.0,174400.0,238187.33333333334,228632.0,302.0
CA,Los Angeles / SF Bay Area,2022,4,249240.0,False,218074.0,166920.0,214815.33333333334,232271.5,336.0
CA,Los Angeles / SF Bay Area,2022,5,235878.0,False,249240.0,150247.0,219387.0,239131.5,308.0
CA,Los Angeles / SF Bay Area,2022,6,261383.0,True,235878.0,303068.0,234397.33333333334,246267.41666666666,361.0
CA,Los Angeles / SF Bay Area,2022,7,282075.0,True,261383.0,261612.0,248833.66666666666,242793.66666666666,348.0
CA,Los Angeles / SF Bay Area,2022,8,279955.0,True,282075.0,239017.0,259778.66666666666,244498.91666666666,368.0
CA,Los Angeles / SF Bay Area,2022,9,222167.0,False,279955.0,235963.0,274471.0,247910.41666666666,367.0
CA,Los Angeles / SF Bay Area,2022,10,284397.0,False,222167.0,276378.0,261399.0,246760.75,314.0
CA,Los Angeles / SF Bay Area,2022,11,208641.0,False,284397.0,221417.0,262173.0,247429.0,366.0
CA,Los Angeles / SF Bay Area,2022,12,293376.0,False,208641.0,288190.0,238401.66666666666,246364.33333333334,322.0
CA,Los Angeles / SF Bay Area,2023,1,250109.0,False,293376.0,235525.0,262138.0,246796.5,349.0
CA,Los Angeles / SF Bay Area,2023,2,207564.0,False,250109.0,190847.0,250708.66666666666,248011.83333333334,368.0
CA,Los Angeles / SF Bay Area,2023,3,234660.0,False,207564.0,218074.0,250349.66666666666,249404.91666666666,328.0
CA,Los Angeles / SF Bay Area,2023,4,232302.0,False,234660.0,249240.0,230777.66666666666,250787.08333333334,343.0
CA,Los Angeles / SF Bay Area,2023,5,284265.0,False,232302.0,235878.0,224842.0,249375.58333333334,340.0
CA,Los Angeles / SF Bay Area,2023,6,233692.0,True,284265.0,261383.0,250409.0,253407.83333333334,357.0
CA,Los Angeles / SF Bay Area,2023,7,291974.0,True,233692.0,282075.0,250086.33333333334,251100.25,320.0
CA,Los Angeles / SF Bay Area,2023,8,258962.0,True,291974.0,279955.0,269977.0,251925.16666666666,372.0
CA,Los Angeles / SF Bay Area,2023,9,252436.0,False,258962.0,222167.0,261542.66666666666,250175.75,335.0
CA,Los Angeles / SF Bay Area,2023,10,269145.0,False,252436.0,284397.0,267790.6666666667,252698.16666666666,343.0
CA,Los Angeles / SF Bay Area,2023,11,264420.0,False,269145.0,208641.0,260181.0,251427.16666666666,371.0
CA,Los Angeles / SF Bay Area,2023,12,282169.0,False,264420.0,293376.0,262000.33333333334,256075.41666666666,334.0
CA,Los Angeles / SF Bay Area,2024,1,258072.0,False,282169.0,250109.0,271911.3333333333,255141.5,359.0
CA,Los Angeles / SF Bay Area,2024,2,210015.0,False,258072.0,207564.0,268220.3333333333,255805.08333333334,354.0
CA,Los Angeles / SF Bay Area,2024,3,273557.0,False,210015.0,234660.0,250085.33333333334,256009.33333333334,330.0
CA,Los Angeles / SF Bay Area,2024,4,185820.0,False,273557.0,232302.0,247214.66666666666,259250.75,341.0
CA,Los Angeles / SF Bay Area,2024,5,273437.0,False,185820.0,284265.0,223130.66666666666,255377.25,285.0
CA,Los Angeles / SF Bay Area,2024,6,262651.0,True,273437.0,233692.0,244271.33333333334,254474.91666666666,374.0
CA,Los Angeles / SF Bay Area,2024,7,227130.0,True,262651.0,291974.0,240636.0,256888.16666666666,338.0
CA,Los Angeles / SF Bay Area,2024,8,259246.0,True,227130.0,258962.0,254406.0,251484.5,328.0
CA,Los Angeles / SF Bay Area,2024,9,245931.0,False,259246.0,252436.0,249675.66666666666,251508.16666666666,342.0
CA,Los Angeles / SF Bay Area,2024,10,294220.0,False,245931.0,269145.0,244102.33333333334,250966.08333333334,324.0
CA,Los Angeles / SF Bay Area,2024,11,288963.0,False,294220.0,264420.0,266465.6666666667,253055.66666666666,338.0
CA,Los Angeles / SF Bay Area,2024,12,283792.0,False,288963.0,282169.0,276371.3333333333,255100.91666666666,343.0
FL,Miami,2021,1,162475.0,False,174537.0,231727.0,158445.0,142365.58333333334,261.0
FL,Miami,2021,2,148626.0,False,162475.0,191308.0,161998.33333333334,136594.58333333334,254.0
FL,Miami,2021,3,186306.0,False,148626.0,116728.0,161879.33333333334,133037.75,225.0
FL,Miami,2021,4,144044.0,False,186306.0,45233.0,165802.33333333334,138835.91666666666,261.0
FL,Miami,2021,5,223651.0,False,144044.0,116458.0,159658.66666666666,147070.16666666666,226.0
FL,Miami,2021,6,182559.0,True,223651.0,147946.0,184667.0,156002.91666666666,258.0
FL,Miami,2021,7,163387.0,True,182559.0,112021.0,183418.0,158887.33333333334,247.0
FL,Miami,2021,8,156009.0,True,163387.0,124874.0,189865.66666666666,163167.83333333334,224.0
FL,Miami,2021,9,173687.0,False,156009.0,146757.0,167318.33333333334,165762.41666666666,260.0
FL,Miami,2021,10,179514.0,False,173687.0,151815.0,164361.0,168006.58333333334,239.0
FL,Miami,2021,11,201087.0,False,179514.0,148983.0,169736.66666666666,170314.83333333334,251.0
FL,Miami,2021,12,199714.0,False,201087.0,174537.0,184762.66666666666,174656.83333333334,253.0
FL,Miami,2022,1,169121.0,False,199714.0,162475.0,193438.33333333334,176754.91666666666,246.0
FL,Miami,2022,2,173304.0,False,169121.0,148626.0,189974.0,177308.75,239.0
FL,Miami,2022,3,256204.0,False,173304.0,186306.0,180713.0,179365.25,222.0
FL,Miami,2022,4,167173.0,False,256204.0,144044.0,199543.0,185190.08333333334,290.0
FL,Miami,2022,5,166454.0,False,167173.0,223651.0,198893.66666666666,187117.5,224.0
FL,Miami,2022,6,115720.0,True,166454.0,182559.0,196610.33333333334,182351.08333333334,263.0
FL,Miami,2022,7,189566.0,True,115720.0,163387.0,149782.33333333334,176781.16666666666,207.0
FL,Miami,2022,8,177687.0,True,189566.0,156009.0,157246.66666666666,178962.75,233.0
FL,Miami,2022,9,168440.0,False,177687.0,173687.0,160991.0,180769.25,240.0
FL,Miami,2022,10,204001.0,False,168440.0,179514.0,178564.33333333334,180332.0,220.0
FL,Miami,2022,11,174484.0,False,204001.0,201087.0,183376.0,182372.58333333334,258.0
FL,Miami,2022,12,215248.0,False,174484.0,199714.0,182308.33333333334,180155.66666666666,254.0
FL,Miami,2023,1,164875.0,False,215248.0,169121.0,197911.0,181450.16666666666,228.0
FL,Miami,2023,2,175453.0,False,164875.0,173304.0,184869.0,181096.33333333334,261.0
FL,Miami,2023,3,186920.0,False,175453.0,256204.0,185192.0,181275.41666666666,206.0
FL,Miami,2023,4,189841.0,False,186920.0,167173.0,175749.33333333334,175501.75,244.0
FL,Miami,2023,5,211316.0,False,189841.0,166454.0,184071.33333333334,177390.75,219.0
FL,Miami,2023,6,215422.0,True,211316.0,115720.0,196025.66666666666,181129.25,247.0
FL,Miami,2023,7,183944.0,True,215422.0,189566.0,205526.33333333334,189437.75,241.0
FL,Miami,2023,8,173271.0,True,183944.0,177687.0,203560.66666666666,188969.25,253.0
FL,Miami,2023,9,156809.0,False,173271.0,168440.0,190879.0,188601.25,277.0
FL,Miami,2023,10,164192.0,False,156809.0,204001.0,171341.33333333334,187632.0,218.0
FL,Miami,2023,11,173000.0,False,164192.0,174484.0,164757.33333333334,184314.58333333334,259.0
FL,Miami,2023,12,230606.0,False,173000.0,215248.0,164667.0,184190.91666666666,248.0
FL,Miami,2024,1,145697.0,False,230606.0,164875.0,189266.0,185470.75,250.0
FL,Miami,2024,2,134507.0,False,145697.0,175453.0,183101.0,183872.58333333334,200.0
FL,Miami,2024,3,211917.0,False,134507.0,186920.0,170270.0,180460.41666666666,214.0
FL,Miami,2024,4,177472.0,False,211917.0,189841.0,164040.33333333334,182543.5,258.0
FL,Miami,2024,5,206383.0,False,177472.0,211316.0,174632.0,181512.75,233.0
FL,Miami,2024,6,218040.0,True,206383.0,215422.0,198590.66666666666,181101.66666666666,249.0
FL,Miami,2024,7,184859.0,True,218040.0,183944.0,200631.66666666666,181319.83333333334,274.0
FL,Miami,2024,8,191427.0,True,184859.0,173271.0,203094.0,181396.08333333334,250.0
FL,Miami,2024,9,184416.0,False,191427.0,156809.0,198108.66666666666,182909.08333333334,243.0
FL,Miami,2024,10,164334.0,False,184416.0,164192.0,186900.66666666666,185209.66666666666,244.0
FL,Miami,2024,11,208995.0,False,164334.0,173000.0,180059.0,185221.5,242.0
FL,Miami,2024,12,216241.0,False,208995.0,230606.0,185915.0,188221.08333333334,239.0
GA,Atlanta,2021,1,93819.0,False,96484.0,94361.0,109263.0,79811.25,134.0
GA,Atlanta,2021,2,79603.0,False,93819.0,85438.0,102681.66666666667,79766.08333333333,138.0
GA,Atlanta,2021,3,80296.0,False,79603.0,68824.0,89968.66666666667,79279.83333333333,135.0
GA,Atlanta,2021,4,106741.0,False,80296.0,28459.0,84572.66666666667,80235.83333333333,139.0
GA,Atlanta,2021,5,131861.0,False,106741.0,70733.0,88880.0,86759.33333333333,112.0
GA,Atlanta,2021,6,114787.0,True,131861.0,57918.0,106299.33333333333,91853.33333333333,157.0
GA,Atlanta,2021,7,99837.0,True,114787.0,80646.0,117796.33333333333,96592.41666666667,137.0
GA,Atlanta,2021,8,97325.0,True,99837.0,69192.0,115495.0,98191.66666666667,130.0
GA,Atlanta,2021,9,97984.0,False,97325.0,74375.0,103983.0,100536.08333333333,126.0
GA,Atlanta,2021,10,73764.0,False,97984.0,113563.0,98382.0,102503.5,133.0
GA,Atlanta,2021,11,69684.0,False,73764.0,117742.0,89691.0,99186.91666666667,110.0
GA,Atlanta,2021,12,112558.0,False,69684.0,96484.0,80477.33333333333,95182.08333333333,115.0
GA,Atlanta,2022,1,74865.0,False,112558.0,93819.0,85335.33333333333,96521.58333333333,130.0
GA,Atlanta,2022,2,72164.0,False,74865.0,79603.0,85702.33333333333,94942.08333333333,134.0
GA,Atlanta,2022,3,103711.0,False,72164.0,80296.0,86529.0,94322.16666666667,112.0
GA,Atlanta,2022,4,96970.0,False,103711.0,106741.0,83580.0,96273.41666666667,126.0
GA,Atlanta,2022,5,77189.0,False,96970.0,131861.0,90948.33333333333,95459.16666666667,152.0
GA,Atlanta,2022,6,87254.0,True,77189.0,114787.0,92623.33333333333,90903.16666666667,120.0
GA,Atlanta,2022,7,64492.0,True,87254.0,99837.0,87137.66666666667,88608.75,122.0
GA,Atlanta,2022,8,95683.0,True,64492.0,97325.0,76311.66666666667,85663.33333333333,123.0
GA,Atlanta,2022,9,68306.0,False,95683.0,97984.0,82476.33333333333,85526.5,130.0
GA,Atlanta,2022,10,99236.0,False,68306.0,73764.0,76160.33333333333,83053.33333333333,111.0
GA,Atlanta,2022,11,64027.0,False,99236.0,69684.0,87741.66666666667,85176.0,133.0
GA,Atlanta,2022,12,98196.0,False,64027.0,112558.0,77189.66666666667,84704.58333333333,111.0
GA,Atlanta,2023,1,76237.0,False,98196.0,74865.0,87153.0,83507.75,133.0
GA,Atlanta,2023,2,82288.0,False,76237.0,72164.0,79486.66666666667,83622.08333333333,120.0
GA,Atlanta,2023,3,120684.0,False,82288.0,103711.0,85573.66666666667,84465.75,110.0
GA,Atlanta,2023,4,90659.0,False,120684.0,96970.0,93069.66666666667,85880.16666666667,124.0
GA,Atlanta,2023,5,103273.0,False,90659.0,77189.0,97877.0,85354.25,116.0
GA,Atlanta,2023,6,76283.0,True,103273.0,87254.0,104872.0,87527.91666666667,116.0
GA,Atlanta,2023,7,115834.0,True,76283.0,64492.0,90071.66666666667,86613.66666666667,120.0
GA,Atlanta,2023,8,74387.0,True,115834.0,95683.0,98463.33333333333,90892.16666666667,136.0
GA,Atlanta,2023,9,99429.0,False,74387.0,68306.0,88834.66666666667,89117.5,123.0
GA,Atlanta,2023,10,80395.0,False,99429.0,99236.0,96550.0,91711.08333333333,134.0
GA,Atlanta,2023,11,82430.0,False,80395.0,64027.0,84737.0,90141.0,123.0
GA,Atlanta,2023,12,82432.0,False,82430.0,98196.0,87418.0,91674.58333333333,128.0
GA,Atlanta,2024,1,81414.0,False,82432.0,76237.0,81752.33333333333,90360.91666666667,133.0
GA,Atlanta,2024,2,69409.0,False,81414.0,82288.0,82092.0,90792.33333333333,124.0
GA,Atlanta,2024,3,87419.0,False,69409.0,120684.0,77751.66666666667,89719.08333333333,123.0
GA,Atlanta,2024,4,91348.0,False,87419.0,90659.0,79414.0,86947.0,126.0
GA,Atlanta,2024,5,68766.0,False,91348.0,103273.0,82725.33333333333,87004.41666666667,130.0
GA,Atlanta,2024,6,71367.0,True,68766.0,76283.0,82511.0,84128.83333333333,135.0
GA,Atlanta,2024,7,103326.0,True,71367.0,115834.0,77160.33333333333,83719.16666666667,117.0
GA,Atlanta,2024,8,88115.0,True,103326.0,74387.0,81153.0,82676.83333333333,126.0
GA,Atlanta,2024,9,95808.0,False,88115.0,99429.0,87602.66666666667,83820.83333333333,129.0
GA,Atlanta,2024,10,109540.0,False,95808.0,80395.0,95749.66666666667,83519.08333333333,140.0
GA,Atlanta,2024,11,100420.0,False,109540.0,82430.0,97821.0,85947.83333333333,156.0
GA,Atlanta,2024,12,89807.0,False,100420.0,82432.0,101922.66666666667,87447.0,120.0
KS,Kansas City,2021,1,4192.0,False,14843.0,12369.0,10898.0,15210.083333333334,35.0
KS,Kansas City,2021,2,15044.0,False,4192.0,38166.0,8593.666666666666,14528.666666666666,28.0
KS,Kansas City,2021,3,24627.0,False,15044.0,22037.0,11359.666666666666,12601.833333333334,35.0
KS,Kansas City,2021,4,31383.0,False,24627.0,1435.0,14621.0,12817.666666666666,53.0
KS,Kansas City,2021,5,11874.0,False,31383.0,15724.0,23684.666666666668,15313.333333333334,40.0
KS,Kansas City,2021,6,10642.0,True,11874.0,13441.0,22628.0,14992.5,25.0
KS,Kansas City,2021,7,14688.0,True,10642.0,17645.0,17966.333333333332,14759.25,34.0
KS,Kansas City,2021,8,11542.0,True,14688.0,19129.0,12401.333333333334,14512.833333333334,30.0
KS,Kansas City,2021,9,7645.0,False,11542.0,9881.0,12290.666666666666,13880.583333333334,32.0
KS,Kansas City,2021,10,18002.0,False,7645.0,11105.0,11291.666666666666,13694.25,31.0
KS,Kansas City,2021,11,16224.0,False,18002.0,6746.0,12396.333333333334,14269.0,36.0
KS,Kansas City,2021,12,10690.0,False,16224.0,14843.0,13957.0,15058.833333333334,32.0
KS,Kansas City,2022,1,8146.0,False,10690.0,4192.0,14972.0,14712.75,33.0
KS,Kansas City,2022,2,14540.0,False,8146.0,15044.0,11686.666666666666,15042.25,31.0
KS,Kansas City,2022,3,21702.0,False,14540.0,24627.0,11125.333333333334,15000.25,34.0
KS,Kansas City,2022,4,18141.0,False,21702.0,31383.0,14796.0,14756.5,37.0
KS,Kansas City,2022,5,34098.0,False,18141.0,11874.0,18127.666666666668,13653.0,29.0
KS,Kansas City,2022,6,14242.0,True,34098.0,10642.0,24647.0,15505.0,48.0
KS,Kansas City,2022,7,14444.0,True,14242.0,14688.0,22160.333333333332,15805.0,34.0
KS,Kansas City,2022,8,10914.0,True,14444.0,11542.0,20928.0,15784.666666666666,35.0
KS,Kansas City,2022,9,9549.0,False,10914.0,7645.0,13200.0,15732.333333333334,29.0
KS,Kansas City,2022,10,16112.0,False,9549.0,18002.0,11635.666666666666,15891.0,33.0
KS,Kansas City,2022,11,17677.0,False,16112.0,16224.0,12191.666666666666,15733.5,42.0
KS,Kansas City,2022,12,17562.0,False,17677.0,10690.0,14446.0,15854.583333333334,28.0
KS,Kansas City,2023,1,13754.0,False,17562.0,8146.0,17117.0,16427.25,32.0
KS,Kansas City,2023,2,5131.0,False,13754.0,14540.0,16331.0,16894.583333333332,29.0
KS,Kansas City,2023,3,16075.0,False,5131.0,21702.0,12149.0,16110.5,22.0
KS,Kansas City,2023,4,12518.0,False,16075.0,18141.0,11653.333333333334,15641.583333333334,41.0
KS,Kansas City,2023,5,18373.0,False,12518.0,34098.0,11241.333333333334,15173.0,33.0
KS,Kansas City,2023,6,22749.0,True,18373.0,14242.0,15655.333333333334,13862.583333333334,33.0
KS,Kansas City,2023,7,17286.0,True,22749.0,14444.0,17880.0,14571.5,37.0
KS,Kansas City,2023,8,10904.0,True,17286.0,10914.0,19469.333333333332,14808.333333333334,40.0
KS,Kansas City,2023,9,15042.0,False,10904.0,9549.0,16979.666666666668,14807.5,29.0
KS,Kansas City,2023,10,16453.0,False,15042.0,16112.0,14410.666666666666,15265.25,30.0
KS,Kansas City,2023,11,10979.0,False,16453.0,17677.0,14133.0,15293.666666666666,35.0
KS,Kansas City,2023,12,9002.0,False,10979.0,17562.0,14158.0,14735.5,33.0
KS,Kansas City,2024,1,9756.0,False,9002.0,13754.0,12144.666666666666,14022.166666666666,38.0
KS,Kansas City,2024,2,11187.0,False,9756.0,5131.0,9912.333333333334,13689.0,19.0
KS,Kansas City,2024,3,25400.0,False,11187.0,16075.0,9981.666666666666,14193.666666666666,37.0
KS,Kansas City,2024,4,18847.0,False,25400.0,12518.0,15447.666666666666,14970.75,40.0
KS,Kansas City,2024,5,14931.0,False,18847.0,18373.0,18478.0,15498.166666666666,35.0
KS,Kansas City,2024,6,17583.0,True,14931.0,22749.0,19726.0,15211.333333333334,36.0
KS,Kansas City,2024,7,14305.0,True,17583.0,17286.0,17120.333333333332,14780.833333333334,27.0
KS,Kansas City,2024,8,20345.0,True,14305.0,10904.0,15606.333333333334,14532.416666666666,25.0
KS,Kansas City,2024,9,25087.0,False,20345.0,15042.0,17411.0,15319.166666666666,29.0
KS,Kansas City,2024,10,14394.0,False,25087.0,16453.0,19912.333333333332,16156.25,47.0
KS,Kansas City,2024,11,8385.0,False,14394.0,10979.0,19942.0,15984.666666666666,29.0
KS,Kansas City,2024,12,10125.0,False,8385.0,9002.0,15955.333333333334,15768.5,30.0
MA,Boston,2021,1,20449.0,False,18421.0,31337.0,27700.333333333332,23326.0,60.0
MA,Boston,2021,2,17887.0,False,20449.0,28878.0,21773.333333333332,22418.666666666668,63.0
MA,Boston,2021,3,24533.0,False,17887.0,15420.0,18919.0,21502.75,52.0
MA,Boston,2021,4,31706.0,False,24533.0,8144.0,20956.333333333332,22262.166666666668,57.0
MA,Boston,2021,5,25694.0,False,31706.0,11633.0,24708.666666666668,24225.666666666668,61.0
MA,Boston,2021,6,49485.0,True,25694.0,22549.0,27311.0,25397.416666666668,53.0
MA,Boston,2021,7,46060.0,True,49485.0,31338.0,35628.333333333336,27642.083333333332,70.0
MA,Boston,2021,8,33616.0,True,46060.0,28351.0,40413.0,28868.916666666668,63.0
MA,Boston,2021,9,34139.0,False,33616.0,19161.0,43053.666666666664,29307.666666666668,63.0
MA,Boston,2021,10,48124.0,False,34139.0,38230.0,37938.333333333336,30555.833333333332,62.0
MA,Boston,2021,11,35709.0,False,48124.0,26450.0,38626.333333333336,31380.333333333332,60.0
MA,Boston,2021,12,56202.0,False,35709.0,18421.0,39324.0,32151.916666666668,49.0
MA,Boston,2022,1,27055.0,False,56202.0,20449.0,46678.333333333336,35300.333333333336,77.0
MA,Boston,2022,2,15439.0,False,27055.0,17887.0,39655.333333333336,35850.833333333336,67.0
MA,Boston,2022,3,27677.0,False,15439.0,24533.0,32898.666666666664,35646.833333333336,44.0
MA,Boston,2022,4,31188.0,False,27677.0,31706.0,23390.333333333332,35908.833333333336,64.0
MA,Boston,2022,5,28042.0,False,31188.0,25694.0,24768.0,35865.666666666664,58.0
MA,Boston,2022,6,34042.0,True,28042.0,49485.0,28969.0,36061.333333333336,54.0
MA,Boston,2022,7,31108.0,True,34042.0,46060.0,31090.666666666668,34774.416666666664,64.0
MA,Boston,2022,8,39742.0,True,31108.0,33616.0,31064.0,33528.416666666664,66.0
MA,Boston,2022,9,30789.0,False,39742.0,34139.0,34964.0,34038.916666666664,55.0
MA,Boston,2022,10,39638.0,False,30789.0,48124.0,33879.666666666664,33759.75,57.0
MA,Boston,2022,11,31085.0,False,39638.0,35709.0,36723.0,33052.583333333336,58.0
MA,Boston,2022,12,38394.0,False,31085.0,56202.0,33837.333333333336,32667.25,53.0
MA,Boston,2023,1,28000.0,False,38394.0,27055.0,36372.333333333336,31183.25,67.0
MA,Boston,2023,2,25965.0,False,28000.0,15439.0,32493.0,31262.0,72.0
MA,Boston,2023,3,37479.0,False,25965.0,27677.0,30786.333333333332,32139.166666666668,37.0
MA,Boston,2023,4,20323.0,False,37479.0,31188.0,30481.333333333332,32956.0,50.0
MA,Boston,2023,5,42182.0,False,20323.0,28042.0,27922.333333333332,32050.583333333332,57.0
MA,Boston,2023,6,32048.0,True,42182.0,34042.0,33328.0,33228.916666666664,65.0
MA,Boston,2023,7,39336.0,True,32048.0,31108.0,31517.666666666668,33062.75,69.0
MA,Boston,2023,8,34139.0,True,39336.0,39742.0,37855.333333333336,33748.416666666664,59.0
MA,Boston,2023,9,25998.0,False,34139.0,30789.0,35174.333333333336,33281.5,64.0
MA,Boston,2023,10,33875.0,False,25998.0,39638.0,33157.666666666664,32882.25,45.0
MA,Boston,2023,11,37431.0,False,33875.0,31085.0,31337.333333333332,32402.0,67.0
MA,Boston,2023,12,35122.0,False,37431.0,38394.0,32434.666666666668,32930.833333333336,60.0
MA,Boston,2024,1,27502.0,False,35122.0,28000.0,35476.0,32658.166666666668,55.0
MA,Boston,2024,2,25727.0,False,27502.0,25965.0,33351.666666666664,32616.666666666668,62.0
MA,Boston,2024,3,25300.0,False,25727.0,37479.0,29450.333333333332,32596.833333333332,55.0
MA,Boston,2024,4,35534.0,False,25300.0,20323.0,26176.333333333332,31581.916666666668,58.0
MA,Boston,2024,5,43883.0,False,35534.0,42182.0,28853.666666666668,32849.5,63.0
MA,Boston,2024,6,52052.0,True,43883.0,32048.0,34905.666666666664,32991.25,55.0
MA,Boston,2024,7,46280.0,True,52052.0,39336.0,43823.0,34658.25,80.0
MA,Boston,2024,8,42323.0,True,46280.0,34139.0,47405.0,35236.916666666664,66.0
MA,Boston,2024,9,30489.0,False,42323.0,25998.0,46885.0,35918.916666666664,60.0
MA,Boston,2024,10,27824.0,False,30489.0,33875.0,39697.333333333336,36293.166666666664,66.0
MA,Boston,2024,11,24503.0,False,27824.0,37431.0,33545.333333333336,35788.916666666664,58.0
MA,Boston,2024,12,23383.0,False,24503.0,35122.0,27605.333333333332,34711.583333333336,49.0
MO,Kansas City,2021,1,30596.0,False,27585.0,23278.0,26724.0,28321.833333333332,60.0
MO,Kansas City,2021,2,13933.0,False,30596.0,39408.0,29667.333333333332,28931.666666666668,61.0
MO,Kansas City,2021,3,30642.0,False,13933.0,21588.0,24038.0,26808.75,56.0
MO,Kansas City,2021,4,34648.0,False,30642.0,9132.0,25057.0,27563.25,63.0
MO,Kansas City,2021,5,41001.0,False,34648.0,30095.0,26407.666666666668,29689.583333333332,63.0
MO,Kansas City,2021,6,46964.0,True,41001.0,34350.0,35430.333333333336,30598.416666666668,65.0
MO,Kansas City,2021,7,63487.0,True,46964.0,30163.0,40871.0,31649.583333333332,72.0
MO,Kansas City,2021,8,47273.0,True,63487.0,27967.0,50484.0,34426.583333333336,84.0
MO,Kansas City,2021,9,30040.0,False,47273.0,43709.0,52574.666666666664,36035.416666666664,79.0
MO,Kansas City,2021,10,40697.0,False,30040.0,21766.0,46933.333333333336,34896.333333333336,70.0
MO,Kansas City,2021,11,61249.0,False,40697.0,30821.0,39336.666666666664,36473.916666666664,74.0
MO,Kansas City,2021,12,35277.0,False,61249.0,27585.0,43995.333333333336,39009.583333333336,90.0
MO,Kansas City,2022,1,21636.0,False,35277.0,30596.0,45741.0,39650.583333333336,70.0
MO,Kansas City,2022,2,32537.0,False,21636.0,13933.0,39387.333333333336,38903.916666666664,65.0
MO,Kansas City,2022,3,45688.0,False,32537.0,30642.0,29816.666666666668,40454.25,75.0
MO,Kansas City,2022,4,42343.0,False,45688.0,34648.0,33287.0,41708.083333333336,67.0
MO,Kansas City,2022,5,42413.0,False,42343.0,41001.0,40189.333333333336,42349.333333333336,66.0
MO,Kansas City,2022,6,47932.0,True,42413.0,46964.0,43481.333333333336,42467.0,62.0
MO,Kansas City,2022,7,30419.0,True,47932.0,63487.0,44229.333333333336,42547.666666666664,71.0
MO,Kansas City,2022,8,44510.0,True,30419.0,47273.0,40254.666666666664,39792.0,90.0
MO,Kansas City,2022,9,32425.0,False,44510.0,30040.0,40953.666666666664,39561.75,68.0
MO,Kansas City,2022,10,29614.0,False,32425.0,40697.0,35784.666666666664,39760.5,73.0
MO,Kansas City,2022,11,29868.0,False,29614.0,61249.0,35516.333333333336,38836.916666666664,69.0
MO,Kansas City,2022,12,54662.0,False,29868.0,35277.0,30635.666666666668,36221.833333333336,67.0
MO,Kansas City,2023,1,24451.0,False,54662.0,21636.0,38048.0,37837.25,71.0
MO,Kansas City,2023,2,38284.0,False,24451.0,32537.0,36327.0,38071.833333333336,63.0
MO,Kansas City,2023,3,43628.0,False,38284.0,45688.0,39132.333333333336,38550.75,64.0
MO,Kansas City,2023,4,51677.0,False,43628.0,42343.0,35454.333333333336,38379.083333333336,82.0
MO,Kansas City,2023,5,58855.0,False,51677.0,42413.0,44529.666666666664,39156.916666666664,84.0
MO,Kansas City,2023,6,29259.0,True,58855.0,47932.0,51386.666666666664,40527.083333333336,78.0
MO,Kansas City,2023,7,45511.0,True,29259.0,30419.0,46597.0,38971.0,67.0
MO,Kansas City,2023,8,33955.0,True,45511.0,44510.0,44541.666666666664,40228.666666666664,72.0
MO,Kansas City,2023,9,45372.0,False,33955.0,32425.0,36241.666666666664,39349.083333333336,80.0
MO,Kansas City,2023,10,31848.0,False,45372.0,29614.0,41612.666666666664,40428.0,83.0
MO,Kansas City,2023,11,42435.0,False,31848.0,29868.0,37058.333333333336,40614.166666666664,82.0
MO,Kansas City,2023,12,31695.0,False,42435.0,54662.0,39885.0,41661.416666666664,91.0
MO,Kansas City,2024,1,38556.0,False,31695.0,24451.0,35326.0,39747.5,71.0
MO,Kansas City,2024,2,43422.0,False,38556.0,38284.0,37562.0,40922.916666666664,66.0
MO,Kansas City,2024,3,37222.0,False,43422.0,43628.0,37891.0,41351.083333333336,86.0
MO,Kansas City,2024,4,41924.0,False,37222.0,51677.0,39733.333333333336,40817.25,78.0
MO,Kansas City,2024,5,43870.0,False,41924.0,58855.0,40856.0,40004.5,65.0
MO,Kansas City,2024,6,57619.0,True,43870.0,29259.0,41005.333333333336,38755.75,66.0
MO,Kansas City,2024,7,30656.0,True,57619.0,45511.0,47804.333333333336,41119.083333333336,89.0
MO,Kansas City,2024,8,66386.0,True,30656.0,33955.0,44048.333333333336,39881.166666666664,77.0
MO,Kansas City,2024,9,50037.0,False,66386.0,45372.0,51553.666666666664,42583.75,87.0
MO,Kansas City,2024,10,32284.0,False,50037.0,31848.0,49026.333333333336,42972.5,92.0
MO,Kansas City,2024,11,43181.0,False,32284.0,42435.0,49569.0,43008.833333333336,69.0
MO,Kansas City,2024,12,46437.0,False,43181.0,31695.0,41834.0,43071.0,76.0
NJ,New York/New Jersey,2021,1,41696.0,False,45878.0,58087.0,41544.0,31716.666666666668,78.0
NJ,New York/New Jersey,2021,2,33130.0,False,41696.0,40478.0,40013.0,30350.75,87.0
NJ,New York/New Jersey,2021,3,28243.0,False,33130.0,18445.0,40234.666666666664,29738.416666666668,62.0
NJ,New York/New Jersey,2021,4,37332.0,False,28243.0,8204.0,34356.333333333336,30554.916666666668,61.0
NJ,New York/New Jersey,2021,5,49105.0,False,37332.0,11734.0,32901.666666666664,32982.25,71.0
NJ,New York/New Jersey,2021,6,43184.0,True,49105.0,24185.0,38226.666666666664,36096.5,81.0
NJ,New York/New Jersey,2021,7,38761.0,True,43184.0,24310.0,43207.0,37679.75,54.0
NJ,New York/New Jersey,2021,8,31043.0,True,38761.0,27312.0,43683.333333333336,38884.0,65.0
NJ,New York/New Jersey,2021,9,61979.0,False,31043.0,43213.0,37662.666666666664,39194.916666666664,73.0
NJ,New York/New Jersey,2021,10,36989.0,False,61979.0,46289.0,43927.666666666664,40758.75,73.0
NJ,New York/New Jersey,2021,11,80023.0,False,36989.0,32465.0,43337.0,39983.75,70.0
NJ,New York/New Jersey,2021,12,57342.0,False,80023.0,45878.0,59663.666666666664,43946.916666666664,88.0
NJ,New York/New Jersey,2022,1,45019.0,False,57342.0,41696.0,58118.0,44902.25,69.0
NJ,New York/New Jersey,2022,2,27090.0,False,45019.0,33130.0,60794.666666666664,45179.166666666664,82.0
NJ,New York/New Jersey,2022,3,47341.0,False,27090.0,28243.0,43150.333333333336,44675.833333333336,55.0
NJ,New York/New Jersey,2022,4,51555.0,False,47341.0,37332.0,39816.666666666664,46267.333333333336,81.0
NJ,New York/New Jersey,2022,5,46708.0,False,51555.0,49105.0,41995.333333333336,47452.583333333336,83.0
NJ,New York/New Jersey,2022,6,68597.0,True,46708.0,43184.0,48534.666666666664,47252.833333333336,70.0
NJ,New York/New Jersey,2022,7,58441.0,True,68597.0,38761.0,55620.0,49370.583333333336,82.0
NJ,New York/New Jersey,2022,8,52975.0,True,58441.0,31043.0,57915.333333333336,51010.583333333336,78.0
NJ,New York/New Jersey,2022,9,39306.0,False,52975.0,61979.0,60004.333333333336,52838.25,86.0
NJ,New York/New Jersey,2022,10,62262.0,False,39306.0,36989.0,50240.666666666664,50948.833333333336,67.0
NJ,New York/New Jersey,2022,11,66836.0,False,62262.0,80023.0,51514.333333333336,53054.916666666664,80.0
NJ,New York/New Jersey,2022,12,51164.0,False,66836.0,57342.0,56134.666666666664,51956.0,83.0
NJ,New York/New Jersey,2023,1,52233.0,False,51164.0,45019.0,60087.333333333336,51441.166666666664,86.0
NJ,New York/New Jersey,2023,2,45093.0,False,52233.0,27090.0,56744.333333333336,52042.333333333336,83.0
NJ,New York/New Jersey,2023,3,71987.0,False,45093.0,47341.0,49496.666666666664,53542.583333333336,78.0
NJ,New York/New Jersey,2023,4,89028.0,False,71987.0,51555.0,56437.666666666664,55596.416666666664,88.0
NJ,New York/New Jersey,2023,5,46255.0,False,89028.0,46708.0,68702.66666666667,58719.166666666664,83.0
NJ,New York/New Jersey,2023,6,47723.0,True,46255.0,68597.0,69090.0,58681.416666666664,80.0
NJ,New York/New Jersey,2023,7,46754.0,True,47723.0,58441.0,61002.0,56941.916666666664,82.0
NJ,New York/New Jersey,2023,8,46927.0,True,46754.0,52975.0,46910.666666666664,55968.0,79.0
NJ,New York/New Jersey,2023,9,48150.0,False,46927.0,39306.0,47134.666666666664,55464.0,81.0
NJ,New York/New Jersey,2023,10,48702.0,False,48150.0,62262.0,47277.0,56201.0,92.0
NJ,New York/New Jersey,2023,11,42168.0,False,48702.0,66836.0,47926.333333333336,55071.0,68.0
NJ,New York/New Jersey,2023,12,62081.0,False,42168.0,51164.0,46340.0,53015.333333333336,76.0
NJ,New York/New Jersey,2024,1,42718.0,False,62081.0,52233.0,50983.666666666664,53925.083333333336,81.0
NJ,New York/New Jersey,2024,2,65024.0,False,42718.0,45093.0,48989.0,53132.166666666664,70.0
NJ,New York/New Jersey,2024,3,51572.0,False,65024.0,71987.0,56607.666666666664,54793.083333333336,81.0
NJ,New York/New Jersey,2024,4,44299.0,False,51572.0,89028.0,53104.666666666664,53091.833333333336,88.0
NJ,New York/New Jersey,2024,5,49375.0,False,44299.0,46255.0,53631.666666666664,49364.416666666664,82.0
NJ,New York/New Jersey,2024,6,53058.0,True,49375.0,47723.0,48415.333333333336,49624.416666666664,95.0
NJ,New York/New Jersey,2024,7,49147.0,True,53058.0,46754.0,48910.666666666664,50069.0,69.0
NJ,New York/New Jersey,2024,8,57372.0,True,49147.0,46927.0,50526.666666666664,50268.416666666664,74.0
NJ,New York/New Jersey,2024,9,39913.0,False,57372.0,48150.0,53192.333333333336,51138.833333333336,79.0
NJ,New York/New Jersey,2024,10,58398.0,False,39913.0,48702.0,48810.666666666664,50452.416666666664,75.0
NJ,New York/New Jersey,2024,11,80288.0,False,58398.0,42168.0,51894.333333333336,51260.416666666664,89.0
NJ,New York/New Jersey,2024,12,47505.0,False,80288.0,62081.0,59533.0,54437.083333333336,85.0
NY,New York/New Jersey,2021,1,66565.0,False,78551.0,69840.0,76259.66666666667,65728.66666666667,142.0
NY,New York/New Jersey,2021,2,55023.0,False,66565.0,96674.0,72588.66666666667,65455.75,137.0
NY,New York/New Jersey,2021,3,61660.0,False,55023.0,63562.0,66713.0,61984.833333333336,146.0
NY,New York/New Jersey,2021,4,103442.0,False,61660.0,22736.0,61082.666666666664,61826.333333333336,148.0
NY,New York/New Jersey,2021,5,104247.0,False,103442.0,23903.0,73375.0,68551.83333333333,151.0
NY,New York/New Jersey,2021,6,99246.0,True,104247.0,42316.0,89783.0,75247.16666666667,158.0
NY,New York/New Jersey,2021,7,127437.0,True,99246.0,77409.0,102311.66666666667,79991.33333333333,139.0
NY,New York/New Jersey,2021,8,99737.0,True,127437.0,80699.0,110310.0,84160.33333333333,157.0
NY,New York/New Jersey,2021,9,110175.0,False,99737.0,82826.0,108806.66666666667,85746.83333333333,154.0
NY,New York/New Jersey,2021,10,94288.0,False,110175.0,77578.0,112449.66666666667,88025.91666666667,150.0
NY,New York/New Jersey,2021,11,86734.0,False,94288.0,72650.0,101400.0,89418.41666666667,154.0
NY,New York/New Jersey,2021,12,104135.0,False,86734.0,78551.0,97065.66666666667,90592.08333333333,123.0
NY,New York/New Jersey,2022,1,68117.0,False,104135.0,66565.0,95052.33333333333,92724.08333333333,153.0
NY,New York/New Jersey,2022,2,83203.0,False,68117.0,55023.0,86328.66666666667,92853.41666666667,156.0
NY,New York/New Jersey,2022,3,73349.0,False,83203.0,61660.0,85151.66666666667,95201.75,148.0
NY,New York/New Jersey,2022,4,141513.0,False,73349.0,103442.0,74889.66666666667,96175.83333333333,147.0
NY,New York/New Jersey,2022,5,112863.0,False,141513.0,104247.0,99355.0,99348.41666666667,161.0
NY,New York/New Jersey,2022,6,118221.0,True,112863.0,99246.0,109241.66666666667,100066.41666666667,148.0
NY,New York/New Jersey,2022,7,81215.0,True,118221.0,127437.0,124199.0,101647.66666666667,166.0
NY,New York/New Jersey,2022,8,90933.0,True,81215.0,99737.0,104099.66666666667,97795.83333333333,141.0
NY,New York/New Jersey,2022,9,94557.0,False,90933.0,110175.0,96789.66666666667,97062.16666666667,132.0
NY,New York/New Jersey,2022,10,94854.0,False,94557.0,94288.0,88901.66666666667,95760.66666666667,150.0
NY,New York/New Jersey,2022,11,86858.0,False,94854.0,86734.0,93448.0,95807.83333333333,156.0
NY,New York/New Jersey,2022,12,83890.0,False,86858.0,104135.0,92089.66666666667,95818.16666666667,131.0
NY,New York/New Jersey,2023,1,117955.0,False,83890.0,68117.0,88534.0,94131.08333333333,157.0
NY,New York/New Jersey,2023,2,66799.0,False,117955.0,83203.0,96234.33333333333,98284.25,158.0
NY,New York/New Jersey,2023,3,83916.0,False,66799.0,73349.0,89548.0,96917.25,126.0
NY,New York/New Jersey,2023,4,117242.0,False,83916.0,141513.0,89556.66666666667,97797.83333333333,147.0
NY,New York/New Jersey,2023,5,73564.0,False,117242.0,112863.0,89319.0,95775.25,147.0
NY,New York/New Jersey,2023,6,66047.0,True,73564.0,118221.0,91574.0,92500.33333333333,137.0
NY,New York/New Jersey,2023,7,99395.0,True,66047.0,81215.0,85617.66666666667,88152.5,127.0
NY,New York/New Jersey,2023,8,94888.0,True,99395.0,90933.0,79668.66666666667,89667.5,154.0
NY,New York/New Jersey,2023,9,98838.0,False,94888.0,94557.0,86776.66666666667,89997.08333333333,148.0
NY,New York/New Jersey,2023,10,73413.0,False,98838.0,94854.0,97707.0,90353.83333333333,155.0
NY,New York/New Jersey,2023,11,115797.0,False,73413.0,86858.0,89046.33333333333,88567.08333333333,144.0
NY,New York/New Jersey,2023,12,106518.0,False,115797.0,83890.0,96016.0,90978.66666666667,156.0
NY,New York/New Jersey,2024,1,63366.0,False,106518.0,117955.0,98576.0,92864.33333333333,162.0
NY,New York/New Jersey,2024,2,81029.0,False,63366.0,66799.0,95227.0,88315.25,141.0
NY,New York/New Jersey,2024,3,68649.0,False,81029.0,83916.0,83637.66666666667,89501.08333333333,134.0
NY,New York/New Jersey,2024,4,86715.0,False,68649.0,117242.0,71014.66666666667,88228.83333333333,146.0
NY,New York/New Jersey,2024,5,95236.0,False,86715.0,73564.0,78797.66666666667,85684.91666666667,150.0
NY,New York/New Jersey,2024,6,86965.0,True,95236.0,66047.0,83533.33333333333,87490.91666666667,144.0
NY,New York/New Jersey,2024,7,87204.0,True,86965.0,99395.0,89638.66666666667,89234.08333333333,134.0
NY,New York/New Jersey,2024,8,97983.0,True,87204.0,94888.0,89801.66666666667,88218.16666666667,144.0
NY,New York/New Jersey,2024,9,79101.0,False,97983.0,98838.0,90717.33333333333,88476.08333333333,139.0
NY,New York/New Jersey,2024,10,128075.0,False,79101.0,73413.0,88096.0,86831.33333333333,131.0
NY,New York/New Jersey,2024,11,93467.0,False,128075.0,115797.0,101719.66666666667,91386.5,178.0
NY,New York/New Jersey,2024,12,98240.0,False,93467.0,106518.0,100214.33333333333,89525.66666666667,158.0
PA,Philadelphia,2021,1,49607.0,False,53104.0,92384.0,59394.0,65275.416666666664,125.0
PA,Philadelphia,2021,2,63024.0,False,49607.0,63757.0,54712.666666666664,61710.666666666664,114.0
PA,Philadelphia,2021,3,78082.0,False,63024.0,68030.0,55245.0,61649.583333333336,135.0
PA,Philadelphia,2021,4,108275.0,False,78082.0,18118.0,63571.0,62487.25,128.0
PA,Philadelphia,2021,5,88640.0,False,108275.0,44366.0,83127.0,70000.33333333333,141.0
PA,Philadelphia,2021,6,64876.0,True,88640.0,87965.0,91665.66666666667,73689.83333333333,141.0
PA,Philadelphia,2021,7,108237.0,True,64876.0,108148.0,87263.66666666667,71765.75,110.0
PA,Philadelphia,2021,8,82158.0,True,108237.0,54948.0,87251.0,71773.16666666667,131.0
PA,Philadelphia,2021,9,65299.0,False,82158.0,67407.0,85090.33333333333,74040.66666666667,119.0
PA,Philadelphia,2021,10,59412.0,False,65299.0,63651.0,85231.33333333333,73865.0,114.0
PA,Philadelphia,2021,11,79834.0,False,59412.0,61427.0,68956.33333333333,73511.75,123.0
PA,Philadelphia,2021,12,107257.0,False,79834.0,53104.0,68181.66666666667,75045.66666666667,127.0
PA,Philadelphia,2022,1,59411.0,False,107257.0,49607.0,82167.66666666667,79558.41666666667,153.0
PA,Philadelphia,2022,2,51540.0,False,59411.0,63024.0,82167.33333333333,80375.41666666667,147.0
PA,Philadelphia,2022,3,65308.0,False,51540.0,78082.0,72736.0,79418.41666666667,103.0
PA,Philadelphia,2022,4,94474.0,False,65308.0,108275.0,58753.0,78353.91666666667,122.0
PA,Philadelphia,2022,5,70107.0,False,94474.0,88640.0,70440.66666666667,77203.83333333333,147.0
PA,Philadelphia,2022,6,74932.0,True,70107.0,64876.0,76629.66666666667,75659.41666666667,127.0
PA,Philadelphia,2022,7,83172.0,True,74932.0,108237.0,79837.66666666667,76497.41666666667,129.0
PA,Philadelphia,2022,8,89890.0,True,83172.0,82158.0,76070.33333333333,74408.66666666667,127.0
PA,Philadelphia,2022,9,67335.0,False,89890.0,65299.0,82664.66666666667,75053.0,142.0
PA,Philadelphia,2022,10,83268.0,False,67335.0,59412.0,80132.33333333333,75222.66666666667,114.0
PA,Philadelphia,2022,11,76478.0,False,83268.0,79834.0,80164.33333333333,77210.66666666667,129.0
PA,Philadelphia,2022,12,102139.0,False,76478.0,107257.0,75693.66666666667,76931.0,136.0
PA,Philadelphia,2023,1,63686.0,False,102139.0,59411.0,87295.0,76504.5,126.0
PA,Philadelphia,2023,2,63304.0,False,63686.0,51540.0,80767.66666666667,76860.75,121.0
PA,Philadelphia,2023,3,66266.0,False,63304.0,65308.0,76376.33333333333,77841.08333333333,94.0
PA,Philadelphia,2023,4,77635.0,False,66266.0,94474.0,64418.666666666664,77920.91666666667,134.0
PA,Philadelphia,2023,5,61374.0,False,77635.0,70107.0,69068.33333333333,76517.66666666667,136.0
PA,Philadelphia,2023,6,79187.0,True,61374.0,74932.0,68425.0,75789.91666666667,116.0
PA,Philadelphia,2023,7,85604.0,True,79187.0,83172.0,72732.0,76144.5,125.0
PA,Philadelphia,2023,8,68778.0,True,85604.0,89890.0,75388.33333333333,76347.16666666667,117.0
PA,Philadelphia,2023,9,87555.0,False,68778.0,67335.0,77856.33333333333,74587.83333333333,120.0
PA,Philadelphia,2023,10,86982.0,False,87555.0,83268.0,80645.66666666667,76272.83333333333,121.0
PA,Philadelphia,2023,11,48052.0,False,86982.0,76478.0,81105.0,76582.33333333333,123.0
PA,Philadelphia,2023,12,95030.0,False,48052.0,102139.0,74196.33333333333,74213.5,119.0
PA,Philadelphia,2024,1,64644.0,False,95030.0,63686.0,76688.0,73621.08333333333,130.0
PA,Philadelphia,2024,2,64515.0,False,64644.0,63304.0,69242.0,73700.91666666667,129.0
PA,Philadelphia,2024,3,75817.0,False,64515.0,66266.0,74729.66666666667,73801.83333333333,123.0
PA,Philadelphia,2024,4,92217.0,False,75817.0,77635.0,68325.33333333333,74597.75,123.0
PA,Philadelphia,2024,5,88404.0,False,92217.0,61374.0,77516.33333333333,75812.91666666667,127.0
PA,Philadelphia,2024,6,74319.0,True,88404.0,79187.0,85479.33333333333,78065.41666666667,127.0
PA,Philadelphia,2024,7,73840.0,True,74319.0,85604.0,84980.0,77659.75,109.0
PA,Philadelphia,2024,8,87784.0,True,73840.0,68778.0,78854.33333333333,76679.41666666667,130.0
PA,Philadelphia,2024,9,65781.0,False,87784.0,87555.0,78647.66666666667,78263.25,120.0
PA,Philadelphia,2024,10,58820.0,False,65781.0,86982.0,75801.66666666667,76448.75,124.0
PA,Philadelphia,2024,11,67569.0,False,58820.0,48052.0,70795.0,74101.91666666667,130.0
PA,Philadelphia,2024,12,85303.0,False,67569.0,95030.0,64056.666666666664,75728.33333333333,129.0
TX,Dallas / Houston,2021,1,183871.0,False,190700.0,276741.0,183222.33333333334,184040.08333333334,337.0
TX,Dallas / Houston,2021,2,129484.0,False,183871.0,264735.0,178871.0,176300.91666666666,392.0
TX,Dallas / Houston,2021,3,198145.0,False,129484.0,175065.0,168018.33333333334,165030.0,309.0
TX,Dallas / Houston,2021,4,235672.0,False,198145.0,84347.0,170500.0,166953.33333333334,342.0
TX,Dallas / Houston,2021,5,232991.0,False,235672.0,113144.0,187767.0,179563.75,341.0
TX,Dallas / Houston,2021,6,268825.0,True,232991.0,186091.0,222269.33333333334,189551.0,344.0
TX,Dallas / Houston,2021,7,235870.0,True,268825.0,182563.0,245829.33333333334,196445.5,354.0
TX,Dallas / Houston,2021,8,218939.0,True,235870.0,173639.0,245895.33333333334,200887.75,341.0
TX,Dallas / Houston,2021,9,193370.0,False,218939.0,202489.0,241211.33333333334,204662.75,342.0
TX,Dallas / Houston,2021,10,262545.0,False,193370.0,196925.0,216059.66666666666,203902.83333333334,340.0
TX,Dallas / Houston,2021,11,232127.0,False,262545.0,162042.0,224951.33333333334,209371.16666666666,378.0
TX,Dallas / Houston,2021,12,258756.0,False,232127.0,190700.0,229347.33333333334,215211.58333333334,343.0
TX,Dallas / Houston,2022,1,198236.0,False,258756.0,183871.0,251142.66666666666,220882.91666666666,373.0
TX,Dallas / Houston,2022,2,201190.0,False,198236.0,129484.0,229706.33333333334,222080.0,393.0
TX,Dallas / Houston,2022,3,226569.0,False,201190.0,198145.0,219394.0,228055.5,350.0
TX,Dallas / Houston,2022,4,252089.0,False,226569.0,235672.0,208665.0,230424.16666666666,350.0
TX,Dallas / Houston,2022,5,232421.0,False,252089.0,232991.0,226616.0,231792.25,378.0
TX,Dallas / Houston,2022,6,274417.0,True,232421.0,268825.0,237026.33333333334,231744.75,365.0
TX,Dallas / Houston,2022,7,248567.0,True,274417.0,235870.0,252975.66666666666,232210.75,370.0
TX,Dallas / Houston,2022,8,240888.0,True,248567.0,218939.0,251801.66666666666,233268.83333333334,339.0
TX,Dallas / Houston,2022,9,221885.0,False,240888.0,193370.0,254624.0,235097.91666666666,363.0
TX,Dallas / Houston,2022,10,206547.0,False,221885.0,262545.0,237113.33333333334,237474.16666666666,355.0
TX,Dallas / Houston,2022,11,244347.0,False,206547.0,232127.0,223106.66666666666,232807.66666666666,348.0
TX,Dallas / Houston,2022,12,290875.0,False,244347.0,258756.0,224259.66666666666,233826.0,373.0
TX,Dallas / Houston,2023,1,212630.0,False,290875.0,198236.0,247256.33333333334,236502.58333333334,382.0
TX,Dallas / Houston,2023,2,205849.0,False,212630.0,201190.0,249284.0,237702.08333333334,383.0
TX,Dallas / Houston,2023,3,209969.0,False,205849.0,226569.0,236451.33333333334,238090.33333333334,348.0
TX,Dallas / Houston,2023,4,251069.0,False,209969.0,252089.0,209482.66666666666,236707.0,345.0
TX,Dallas / Houston,2023,5,225990.0,False,251069.0,232421.0,222295.66666666666,236622.0,371.0
TX,Dallas / Houston,2023,6,246632.0,True,225990.0,274417.0,229009.33333333334,236086.08333333334,348.0
TX,Dallas / Houston,2023,7,204419.0,True,246632.0,248567.0,241230.33333333334,233770.66666666666,355.0
TX,Dallas / Houston,2023,8,217786.0,True,204419.0,240888.0,225680.33333333334,230091.66666666666,369.0
TX,Dallas / Houston,2023,9,239215.0,False,217786.0,221885.0,222945.66666666666,228166.5,329.0
TX,Dallas / Houston,2023,10,240776.0,False,239215.0,206547.0,220473.33333333334,229610.66666666666,358.0
TX,Dallas / Houston,2023,11,212374.0,False,240776.0,244347.0,232592.33333333334,232463.08333333334,367.0
TX,Dallas / Houston,2023,12,252779.0,False,212374.0,290875.0,230788.33333333334,229798.66666666666,340.0
TX,Dallas / Houston,2024,1,193402.0,False,252779.0,212630.0,235309.66666666666,226624.0,359.0
TX,Dallas / Houston,2024,2,210126.0,False,193402.0,205849.0,219518.33333333334,225021.66666666666,368.0
TX,Dallas / Houston,2024,3,210784.0,False,210126.0,209969.0,218769.0,225378.08333333334,337.0
TX,Dallas / Houston,2024,4,251615.0,False,210784.0,251069.0,204770.66666666666,225446.0,334.0
TX,Dallas / Houston,2024,5,234131.0,False,251615.0,225990.0,224175.0,225491.5,363.0
TX,Dallas / Houston,2024,6,251032.0,True,234131.0,246632.0,232176.66666666666,226169.91666666666,332.0
TX,Dallas / Houston,2024,7,252003.0,True,251032.0,204419.0,245592.66666666666,226536.58333333334,346.0
TX,Dallas / Houston,2024,8,252832.0,True,252003.0,217786.0,245722.0,230501.91666666666,378.0
TX,Dallas / Houston,2024,9,210141.0,False,252832.0,239215.0,251955.66666666666,233422.41666666666,396.0
TX,Dallas / Houston,2024,10,235018.0,False,210141.0,240776.0,238325.33333333334,230999.58333333334,387.0
TX,Dallas / Houston,2024,11,206151.0,False,235018.0,212374.0,232663.66666666666,230519.75,344.0
TX,Dallas / Houston,2024,12,228004.0,False,206151.0,252779.0,217103.33333333334,230001.16666666666,366.0
WA,Seattle,2021,1,12967.0,False,8570.0,59372.0,25653.333333333332,33262.083333333336,53.0
WA,Seattle,2021,2,20739.0,False,12967.0,47718.0,14599.666666666666,29395.0,76.0
WA,Seattle,2021,3,35254.0,False,20739.0,25710.0,14092.0,27146.75,65.0
WA,Seattle,2021,4,36059.0,False,35254.0,15486.0,22986.666666666668,27942.083333333332,69.0
WA,Seattle,2021,5,39112.0,False,36059.0,35103.0,30684.0,29656.5,83.0
WA,Seattle,2021,6,40911.0,True,39112.0,42090.0,36808.333333333336,29990.583333333332,63.0
WA,Seattle,2021,7,48386.0,True,40911.0,19484.0,38694.0,29892.333333333332,70.0
WA,Seattle,2021,8,58996.0,True,48386.0,30198.0,42803.0,32300.833333333332,77.0
WA,Seattle,2021,9,33695.0,False,58996.0,47024.0,49431.0,34700.666666666664,73.0
WA,Seattle,2021,10,40254.0,False,33695.0,46128.0,47025.666666666664,33589.916666666664,60.0
WA,Seattle,2021,11,61478.0,False,40254.0,22262.0,44315.0,33100.416666666664,67.0
WA,Seattle,2021,12,38976.0,False,61478.0,8570.0,45142.333333333336,36368.416666666664,81.0
WA,Seattle,2022,1,37342.0,False,38976.0,12967.0,46902.666666666664,38902.25,78.0
WA,Seattle,2022,2,33107.0,False,37342.0,20739.0,45932.0,40933.5,61.0
WA,Seattle,2022,3,56825.0,False,33107.0,35254.0,36475.0,41964.166666666664,63.0
WA,Seattle,2022,4,37174.0,False,56825.0,36059.0,42424.666666666664,43761.75,66.0
WA,Seattle,2022,5,35864.0,False,37174.0,39112.0,42368.666666666664,43854.666666666664,80.0
WA,Seattle,2022,6,40134.0,True,35864.0,40911.0,43287.666666666664,43584.0,72.0
WA,Seattle,2022,7,47309.0,True,40134.0,48386.0,37724.0,43519.25,66.0
WA,Seattle,2022,8,38567.0,True,47309.0,58996.0,41102.333333333336,43429.5,76.0
WA,Seattle,2022,9,36195.0,False,38567.0,33695.0,42003.333333333336,41727.083333333336,70.0
WA,Seattle,2022,10,39290.0,False,36195.0,40254.0,40690.333333333336,41935.416666666664,49.0
WA,Seattle,2022,11,34488.0,False,39290.0,61478.0,38017.333333333336,41855.083333333336,62.0
WA,Seattle,2022,12,71492.0,False,34488.0,38976.0,36657.666666666664,39605.916666666664,75.0
WA,Seattle,2023,1,27186.0,False,71492.0,37342.0,48423.333333333336,42315.583333333336,62.0
WA,Seattle,2023,2,40493.0,False,27186.0,33107.0,44388.666666666664,41469.25,59.0
WA,Seattle,2023,3,35977.0,False,40493.0,56825.0,46390.333333333336,42084.75,51.0
WA,Seattle,2023,4,34476.0,False,35977.0,37174.0,34552.0,40347.416666666664,69.0
WA,Seattle,2023,5,41960.0,False,34476.0,35864.0,36982.0,40122.583333333336,70.0
WA,Seattle,2023,6,45454.0,True,41960.0,40134.0,37471.0,40630.583333333336,89.0
WA,Seattle,2023,7,43518.0,True,45454.0,47309.0,40630.0,41073.916666666664,69.0
WA,Seattle,2023,8,59199.0,True,43518.0,38567.0,43644.0,40758.0,77.0
WA,Seattle,2023,9,28242.0,False,59199.0,36195.0,49390.333333333336,42477.333333333336,81.0
WA,Seattle,2023,10,39833.0,False,28242.0,39290.0,43653.0,41814.583333333336,53.0
WA,Seattle,2023,11,46177.0,False,39833.0,34488.0,42424.666666666664,41859.833333333336,67.0
WA,Seattle,2023,12,41172.0,False,46177.0,71492.0,38084.0,42833.916666666664,67.0
WA,Seattle,2024,1,42938.0,False,41172.0,27186.0,42394.0,40307.25,71.0
WA,Seattle,2024,2,48217.0,False,42938.0,40493.0,43429.0,41619.916666666664,76.0
WA,Seattle,2024,3,29223.0,False,48217.0,35977.0,44109.0,42263.583333333336,66.0
WA,Seattle,2024,4,46812.0,False,29223.0,34476.0,40126.0,41700.75,57.0
WA,Seattle,2024,5,42034.0,False,46812.0,41960.0,41417.333333333336,42728.75,63.0
WA,Seattle,2024,6,38178.0,True,42034.0,45454.0,39356.333333333336,42734.916666666664,70.0
WA,Seattle,2024,7,46264.0,True,38178.0,43518.0,42341.333333333336,42128.583333333336,59.0
WA,Seattle,2024,8,44748.0,True,46264.0,59199.0,42158.666666666664,42357.416666666664,69.0
WA,Seattle,2024,9,45766.0,False,44748.0,28242.0,43063.333333333336,41153.166666666664,54.0
WA,Seattle,2024,10,41292.0,False,45766.0,39833.0,45592.666666666664,42613.5,73.0
WA,Seattle,2024,11,63173.0,False,41292.0,46177.0,43935.333333333336,42735.083333333336,73.0
WA,Seattle,2024,12,36976.0,False,63173.0,41172.0,50077.0,44151.416666666664,78.0
