model,MAE,RMSE,sMAPE,R2,train_R2,overfit_gap_R2
XGBoost,306.9474447609402,703.5860831115604,59.53974931225602,0.5618055503190734,0.6407157471264315,0.07891019680735811
HistGradientBoosting,307.38398562170363,705.2075429755419,59.70033918869716,0.5597835278728591,0.6271842673352197,0.06740073946236058
LightGBM,308.1336169655609,707.6529209253597,60.389153581993035,0.5567252449795415,0.6014701865440721,0.04474494156453068
RandomForest,315.2989524943747,721.5328378617883,61.77594083870965,0.5391659150784616,0.6092799227358555,0.07011400765739395
CatBoost,341.16452008192766,788.4145101610881,64.82924404309153,0.4497733666368581,0.45411080304967366,0.004337436412815587
Lasso,399.29911266462415,831.5934988462649,71.36304421221791,0.3878546396167448,0.39755151732751515,0.009696877710770324
Ridge,415.06061910974586,887.3302511523661,69.34080758395791,0.30304784225276926,0.43858972102334737,0.1355418787705781
baseline_mean,597.1534502355946,1179.712786515626,111.84392678230077,-0.2319269737822347,,
baseline_persistence (yesterday's market avg/store),748.8104740749552,1169.855452069105,115.40421094895406,-0.21142574246466173,,
